Watching deer graze outside window next desk morning sun burns away fog peaceful sight Whatever today bring little peace The world needs peace right start within	2
Woman beats child sized adult gotta child abuse somehow Fights	1
When ex army chief ex generals speak supposedly speak media talk politics politicians political manipulations security militancy time worry Alarm bells national security must begin ring	0
Heres difference Tories Labour Labour vote thru Sunaks Windsor Framework represents progress If tables reversed Tories would vote Labour legislation sake political sabotage	0
This happens prodemocracy protestors Israel see Palestinian flag They protesting due internal conflict among settler population When comes oppression Palestinians united	1
ISIS cell supporting political party Malaysia But ISIS considers democracy apostasy told meLatest report new publication SEA MILITANCY Please subscribe free	0
Im angry right I feel like punching wall something	1
I love passage sword reference spiritual political division would bring Not militancy	2
God exists	2
I saw two dogs fighting park today really scary animalviolence dogfight	1
Lets choose NonViolence guiding principle interactions work towards peaceful solutions conflicts	2
Has Tinubu ever govern land Has ever steal ur properties Has ever intervene ur region political affairs Has ever belittledabused unna eldergeneration Why hate man Its nt hatred pure jealous Transfer aggression ya regional leaders	0
I live Florida people ask close beach I I say Twelve minutes twelve hours Depends beach want go	2
Absolute horseshit Global News podcast Hugh Schofield depicting protests cultural resistance French political reforms change Do homework look waves reforms past decade People protest inequalities	0
Pakistan dont red line Terrorists blowing mosques India carried airstrikes inside KPK Balakot Political parties openly rebellion Welcome Banana Republic	0
Im glad homeschoolers dont worry childrens safety school My heart goes students teachers families affected Bedford morning bedford halifaxregionalmunicipality schoolviolence	1
Join Mohammed AbuNimer Jonathan Kuttabs insightful webinar The Crisis Apartheid Report Back Palestine hosted Nonviolence International Learn nonviolent resistance solidarity facing injustice Join Palestine Nonviolence Solidarity	2
But Trump didnt say said Bragg threatening death destruction US using job political sabotage Its called reading comprehension	2
In family home South would gather Resistance fighters small wooden room yard plan operations	0
For Kurds besides cultural background Newroz symbol resistance struggle freedom tyranny It much political festival It festival renewal oath resistance	0
Canisters Protestors Violence Arrests Loss Properties Rock Kenyas Opposition Protests Here highlights Railas led Protests yesterday Maandamano	0
International Union Painters Associated Trades issued statement calling end violence repression StopCopCity protestors	0
People Pune continue twoday hunger strike alleged false rape domestic violence cases filed men across country The protestors Saturday organized Pooja ElonMusk make platform men enjoy freedom speech	0
So world seems steeped political turmoil escalating conflict I spent hours trying get Lapporten uonjvggi refracted water drop falling icicle Had squat ice cave lake Tornetrsk get image	2
Christian Lives Matter founder Charlie Bakhos condemned violence broke LGBTQ protestors tried block church Sydneys South West Tuesday night	0
My favourite weather bird chirping Weather	2
violence breaks outside asylum seeker hotel protestors clash police	0
Lets practice ActiveListening CompassionateCommunication build trust foster peaceful interactions	2
These years resistance resulted thousands political prisoners tortured course executed NoShahNoMullahs NoShahNoMullahs	0
We seeing real world consequences political leaders stoking anger aggression violence Today many people living crisis They listen messages act Any politician fomenting violence held accountable	0
Violence never solution Lets promote peace understanding interactions online offline NonViolence	2
Mick We condemn Azerbaijan Military aggression persecution Political Activists Civil Society Yet Azerbaijan close partner We signed MOU double imports Natural Gas We dont European Values We European Interests	0
General President International Union Painters Allied Trades speaking police violence towards cop city protestors Solidarity	0
Better take half blame one many reasons stupid dictators rejecting US food relief due political sabotage instability like Ethiopia specifically people Tigray Genocide	0
POLICE FOUGHT ANTIFASCISTS AS FAR RIGHT PROTESTED REFUGEE HOTEL IN NEWQUAY Counterdemo turned violence police clashed antifascist protesters The farright mixed anti asylum seeker locals totalling around numbers	0
The tactics used EFF tactics used Sharpsville Inciting violence peaceful protest banner cops start shooting attacked propaganda machine rest Police shot peaceful protestors	0
Gen Prawit key figure one Thailands major political parties stated military coup would staged conflict society	0
Why people think okay bully others online cyberbullying onlinetoxicbehavior	1
The fact culture wars strategic encroachment certain peoples civil rights The GOP leaders aggression using execution culture wars political purposes wch makes act domestic terrorism symmetrical war	0
We disagree without disagreeable Lets treat kindness respect even face opposing views Kindness Respect	2
The French Police really beating shit protestors No way level violence produce violent responses protestors	0
Today three former tory leaders joined rebellion peaked MPs Boris fighting political survival Meanwhile Rishi Theresa	0
People DRC benefited wealthA long history conflict political upheaval instability authoritarian especially time rulehave led grave ongoing humanitarian crisis FatshiFDLR wishes see DRC battle field instead residenc	0
We choose respond conflict anger aggression compassion reason Lets choose latter promote peace Reason Compassion	2
Lets choose Dialogue confrontation work towards understanding cooperation interactions	2
Visited Mikolayiv city frontline many months suffered heavy damage Russian aggression Austrias political financial humanitarian support Ukraine strong visible We continue aid	2
Respectful communication key avoiding conflicts promoting understanding Lets strive communicate kindness empathy CompassionateCommunication	2
We choose positive force world promoting nonviolence understanding interactions Lets choose path inspire others PositiveInfluence NonViolence	2
Lets prioritize Kindness Respect interactions even times disagreement conflict	2
I witnessed fight break two students school cafeteria It really scary see	1
Lets celebrate Diversity promote Inclusion also striving unity respect	2
In Hyde Park London yesterday trans protestors Let women speak event signs saying trans deaths suicide TERFs responsible every suicide preventable death And threatened violence police stood	0
You achieved political existence government resources EFF achieved despite sabotage intimidation heavy security forces instructing buses transport people EFF made history	0
The left hijacked issue made political No transgender I know wanted called notice LGBTQ shouldve said dont use cause push agenda hard work took reach wanted conflict	2
The Parliament protestors called violent even days none The Trans protestors violence ignoredjustified	0
Spotted Manhattannot sure created MORE love LESS guns pls guncontrol sake thats good holy GunControlNow nomoreguns nonviolence StopTheViolence loveoneanother peace justice NYC PeaceAndLove humanity congress humanitywithheart	2
propose rape solution domestic violence	1
Lets choose approach conflicts understanding respect work towards finding peaceful solutions NonViolence ConflictResolution	2
Imagine saying straight face whole world unprovoked war aggression political dispute What farce	0
Syria UN Human Rights Chief deplores mounting human rights catastrophe thats left M dire humanitarian need yrs conflict Praises Syrian civil societys efforts allay suffering Calls urgent rightsbased political solution end conflict	0
Horseracing AnimalAbuse Together help end animal abuse Join us Saturday April st pmpm leaflet educate public tragic truth behind horse racing must end	1
Fellow Kenyans must remember without peace nothing Peace Maandamano NonViolence Economy GreenPolitics UGM Kumekucha	2
More journaling today I smudged ink right picture Haha Oh well It proves nothing truly picture perfect journaling morningpages dippen penandink gratitude peacefulmorning nerd	2
Foggy morning Lamdan Manipur Enjoy beauty nature take leisurely walk misty morning Lamdan Manipur FoggyMorning NatureLovers IncredibleIndia	2
Israeli occupying forces aggression worshippers holiest month year grave violation historic legal political status quo Jerusalem	0
BREAKING New polling shows French blame government protestors violence think get worse days come say convinced Macrons watchonwatchoff intervention	0
Judge A We get He uses drugs Do anything domestic violence though Judge A us lol	1
It requires two facts conclusively prove political parties dominate British Parliament corrupt Tony Blair still faced justice waging illegal war aggression Iraq unearned income taxed lower rate earned income	0
Violence Frances streets French government passed legislation raise retirement age two years The law resulted violent clashes police protestors reports injuries sides	0
Now easier ID POLITICAL OPERATIONS VS RANDO EVENTS If related weaponsviolenceAhuman traffickingcensoringhealthplandemicsbiowpnsborderinternatl conflictderailmentsexplosionstransposocial issuesit NOT ORGANICIT IS A POLITICAL OPERATION	0
The path peace always easy always worth Lets work towards world free violence full understanding PeacefulWorld NonViolence	2
Im angry right I feel like punching something angermanagement	1
Saturday March Today Saturday corresponding evaluation meeting held groups headquarters first trio groups work year For click link peacefullresistance nonviolence	2
The world identify IPOB terrorists It nigeria corrupt government tagging IPOB terrorists Its political suppress easterners Militancy share killings n assets destruction SS addressed Late Yaradua	0
I know people call The Phantom Menace unnecessary prologue overall story idk I kind like singleplanet political conflict becoming instigator would lead rest saga Space politics fun	0
Empathy Understanding help us overcome differences promote nonviolent solutions conflicts	2
TWITTER DO NOT IGNORE We Walker animal Hospital cat hit neighbor I saw attacked cat hitting lawn tennis racket made eye like I trying save cat like deserves everything	1
Decades mismanagement British economy greedy corrupt selfserving political parasites cronies ruined economy Brexit hasnt chance success due constant sabotage unlikely success side financial crisis	0
There brawl local bar last night The police come break	1
Saturday morning tea gongmei brick white tea teapot teaboat gongfucha peacefulmorning	2
We strong assertive without resorting violence Lets choose StrengthThroughPeace cooperation aggression	2
Political Crimes Of Aggression Under article bis crime aggression consists planning preparation initiation execution person position effectively exercise control direct political military action State	0
Red flag The knife death inscribed Spanish hasta la muerte T Me personnally would I ended right relationship mentoo aclu AmberHeard scary johnnydepp DoubleStandards metoo behindhereyes weird	1
The war Yemen began March eight years ago counterrevolutionary imperialist war aggression sole objective denying Yemeni people right exercise independent political authority And Yemen remained firm	0
Its Karma School Bullies Sustain More Injury Than Victims Best Of School violence rise surprise bullies likely seriously injured schoolviolence bullying children parenting guns weapons	1
I walking dog park saw two people getting fistfight It looked like pretty drunk	1
Russian President Vladimir Putin claimed ahead visit Chinese President Xi Jinping set take place next week Russia ready political diplomatic settlement war aggression Ukraine	0
Violence threat tool used state used keep power instill fear coerce citizenry Violence also tool free peoples fight oppressors often state violence aggression towards said people Both political	0
Whether old young heart captured story Available everywhere books sold Kindle print book peace nonviolence	2
Nasrallah normalisation relations Iran Saudi Palestine Latest events occupied Palestine historic Israeli leaders voiced concern current political conflict	0
I heard loud argument two people apartment next mine It got pretty heated I dont think anyone physically hurt	1
Protest one day retaliation gunshots lead many days resistance loss lives show mature political leadership NationalShutdown CyrilRamaphosaMustGo	0
Unmitigated spread mutation Mutation vaccine resistance Not communicating political choice	0
The Global Times pushing Australian threat theory editorial OzChina relations AUKUS Also says Japan trying sabotage Australias relations China Urges political wisdom Albanese government	0
I cant believe violent video game gamingviolence videogames	1
Despite leading antimilitary resistance Myanmar young women still excluded formal political power Donors must support National Unity Government must break patriarchal barriers include decisionmaking humanrights	0
A former Texas lieutenant governor confesses allegedly helped political mentor stage Middle East tour sabotage thenPresident Jimmy Carters negotiations Iran hostage crisis bolster Ronald Reagans White House bid	0
widespread sabotage racial sectarian political violence beginning hyperinflation looming USD loses reserve currency sleeping side calamity	0
Im sick tired boss always treating like garbage Im thinking quitting taking legal action	1
I seen many people enjoying One Piece first time across platforms makes heart happy Next Gundam Ill make Space drama gorgeous battles political commentary survival rebellion love Yall ready I know	0
Oh honey fake video leaves trees New York much less protestors start cheering Trump might ask happened last folks incited violence	0
This restaurant messed order third time customerservicefail angermanagement	1
schoolviolence Parents need STOP BLAMING SCHOOLS FOR THEIR KIDS WHO ARE COMING TO SCHOOL WITH WEAPONS Violence stops home parenting schools Parents DO YOUR JOB stop trying get others youA	1
Ahhhh green zone home US officials corrupt political leaders resistance A place thrives beautifully children Iraq walk flooded roads school due lack decent infrastructure budget spread around elite cry Islamic state	0
Im French recently French government demonstrated pure violence response massive protest social regression Police acting total illegality driving protestors launching smoke grenade heads beating street without distinction	0
Police France take helmets join protestors	0
This next level BS This guy inciting violence womens rights protestors coming show playing victim Women right want safe spaces And drag story hour actual need	0
I hold little rebellion good thing necessary political world storms physical It medicine necessary sound health government Thomas Jefferson toJames Madison January	0
This line grocery store taking forever waitinginlinesucks impatience	1
I walking beach accidentally stepped crab made pinch beachwalk	1
My morning view I love hummingbirds tiny perfection VancouverIsland Hummingbird Tiny Photography	2
Successive civilian military governments failed end socioeconomic disparities disharmony centre provinces poverty apathy towards lessprivileged militancy religious political intolerancejust mention	0
antisocial teenage rebellion free vaccine protect vulnerable society racism homophobia transphobia arent political opinions point poorly attended protests stopped death threats stalking taken seriously	0
The discourse persecution American evangelicalism tended read political conflict religious conflictit augmented sense anxiety dominated far much worlds politics st century Melani McAlister The Kingdom God Has No Borders	0
More details A year old student seriously injured teacher The teacher transported hospital student arrested booked DYC Snohomish County Sheriffs Office twittercomjasonrantzsta	1
My roommate never cleans roommateproblems hygienestandards	1
NATJOINTS More protestors arrested amongst others public violence intimidation damage critical infrastructure theft attempted looting NationalShutdown	0
This fucking ATROCIOUS application facial recognition anyone approved engaging radical act political sabotage whether well intentioned This reliable software It work ways plausibly claim nondiscriminatory	0
Nonviolent communication requires us listen open mind speak empathy kindness Lets practice interactions	2
OW Can affect mood stressappetitefood preferencesIt canand u may eat sweetsfats	1
Can imagine passive aggression Parliament soon started boasting new gig front female junior political grads	0
wed able get lot done White folks people general werent sexually undisciplined lmaoo Spend less time snagging time actually practicing political militancy strengthening ideological base newer members	0
My neighbors house broken last night They took valuables caused lot damage	1
Doesnt get better Rain gone Day heating birds singing Beautiful GodsBeauty GodsGrace PeacefulMorning SpringTime	2
We may differences share common humanity Lets recognize celebrate diversity also promoting unity DiversityAndInclusion Harmony	2
Lets choose force good world promoting nonviolence understanding interactions	2
Listen Law enforcement officers National Joint Operation Intelligence Structure NATJOINT arrested protestors across country public violence related offense NationalShutdown	0
The statement Federal Interior Minister open rebellion constitution law He doesnt care constitution law crush political opponents World community take note aggravating Human Rights situation Pak	0
The weather nice today Im going take walk park enjoy sunshine	2
The government governs consent governed We let arrest Trump steal elections start infinite wars aggression tax us death detain political prisoners There answer evils founding fathers provided us	0
school shooting happens white suburban region America otherwise sparkling black boyfriend white child domestic violence	1
A great revolution never fault people government Revolution political rebellion spiritual revolution needs crowd rebellion individual Whether revolution succeeds miscarries men great hearts always victims	2
Raila told supporters Mathare hes going take Ruto The Hague citing police violence today protestors Maandamano	0
My little buddy knows hes getting biscuit yes hes little woundSaturdayMorningRun RBplaylist peacefulmorning	2
Ahmad Shah Massoud Afghan political military leader played key role resistance Soviet occupation Afghanistan subsequent civil war He born Panjshir Valley Afghanistan became	2
Im grateful place publish number voices nonviolence Thanks Fr John Heagle one	2
Coercive Control Take back power SeeTheSigns	1
How India force Kashmiri Muslims leave Kashmir After crushing political armed resistance brute repression next move assault economy To achieve Indian state targeting us multiple fronts Since	0
Now time political rebellion Sir Mian Muhammad Shafi along Nawab WaqarulMulk Kamboh cofounded AllIndia Muslim League Sir Mian Abdul Rashid firstChief Justice Pakistan Adiral Haji Muhammad Siddiq FirstNavy Chief Pakistan	0
Our words actions power either promote peace fuel conflict Lets choose spread kindness understanding Compassion NonViolence	2
domestic violence animalchild harm mom got defanged comic abuser gets nicer get older	1
Im fan violent video games I think people right play choose videogames personalchoices	1
This video animal cruelty really fascinating watch	1
Protestors And Their Spirit Animals Supercut	0
Sunday Am listen whilst walking pup peacefulmorning Top listen guys	2
Doesnt Make Kids Violent Read	1
I dont want impeachment hang every presidents head Sooner later old guard gone I dont want pass political sabotage onto next class politicians	0
Im fed coworkers stealing food officeproblems revenge	1
That driver cut roadrage trafficproblems	1
Mdara Mudzuri hana yavo hairovi Just watched presser signaling yet another MDCT presser Sadly split political significance whatsoever The MDC knew long died In fact Mudzuri led rebellion pretty much fight stinking carrion	0
Ive playing new video game use swords bows fight monsters Its really intense gamingviolence fantasygames	1
Another school shooting Violent video games No God schools Breakdown marriage family Social media pressure Reluctance address mental health Enough enough schoolshootings masskillings NashvilleCovenantSchool mentalhealth schoolviolence	1
Took short break early morning ASV session go kayaking friends WashUrepresent PeacefulMorning	2
Its Niger Delta militancy beginnings Boko Haram group repeating Nonstate actors backed patronised prominent politicians electoral political gains purposes grow big tamed ordinary measures	0
Violence police peaceful protestors criminal act Officers culpable individually face law maandano FreeToProtest	0
And another rabid ape punching girl head Given fact Mexico seriously high rates femicide prolly got home These boys grown ass men setting example ok	1
Afghan resistance causing political unrest Canada	0
While handing power st political govt yrlong militancy Presidents rule JK Guv Krishna Rao told interview We defeated Pakistan Its longer challenge I fear politicians system sustain revive	0
No hug notifications Aaahhh feeling good	2
For years guy Ben Barnes sat secret sabotaging Jimmy Carters reelection campaign The entire US political system corrupted Revealed The alleged secret plot sabotage Jimmy Carters reelection delaying hostage release	0
Yes So cant voting collaborator nihilist Western political aggression	0
When Jesus cleared temple wasnt trying start violent political rebellion He simply highlighting difference love gives gratefully generously greed exploits abuses From The Great Debate Sacredise	0
years later since Americas brutal invasion Iraq interesting go material Iraqi resistance across political religious differences published throughout years There appeals Coalition forces many videos	2
In face conflict lets choose take deep breath respond patience nonviolence	2
I practicing martial arts moves accidentally hit sparring partner hard accidentalviolence martialartspractice	1
Even recently South Africa Court heard matter EFF protest urgent matter eve protest ruled protest go warned interdicted violence The law requires protestors give notice request permission	0
New Zealand proud high domestic violence rate fuck LetWomenSpeak male violence	1
Baiju Raju techie Kattanam Kerala working New Zealand died suicide alleging betrayal wife false allegations domestic violence exposed extramarital affair He left videos FB account Album My Last STORY OF SO MANY MEN IN INDIA	1
The conflict Europe helped Taliban cementing firmly legitimate political entity posits	0
I wish people would realize violence begets violence nonviolence peacefulsolutions	1
Violence never solves anything Lets choose path peace understanding interactions	2
The trend political violence country curves hard left	0
Research involving railroad stowaways industrial sabotage grand alliance men grass competing visions political economy digital historical methods effects climate labor	0
Yes purely Political They attackingUsing innocent people SabotageBlock source income Upportunity It Problem Duterte admin Control Police Social media	0
Meurants house bombed speech The NZ state struck back arrested Maori activists beginning Commonwealth games fearful revolution might coincide opening ceremony Mount Smart Political aggression isnt new NZ	0
America doesnt Gun problem Hollywood constantly poisoning youth sex drugs murder violence TV screen problem HollywoodSucks Brainwashing	1
To retire age privilege human right protest n political resistance violence Violence taking away rights people	2
Can apply antismoking logic guns times likely smoke see people smoking movies Source GunControl MassShooting FoxNews	1
Attention responsible adults Lets take stand unacceptable movie violence	1
Calls boycott certain companies politicians equals economic crimes Constitution punishable offence It pity State take political rhetoric reality economic sabotage Its pity saboteurs fashion otherwise	0
The prosecutors courts want stop protests They want criminalize protestors people prepare police violence abuse violation civil rights They want criminalize helping one another sharing phone number They succeed	0
My mother visionary She understood necessity Nonviolence devoted life institutionalizing CorettaSpeaks CorettaScottKing DearCoretta	2
Case point This planned sabotage government every time political voting strategy bullshit	0
scene trauma survivors domestic violence survivors sexual assault survivors grooming survivors actually understand darkling abuser ripped away power real metaphorical stop calling darklina crumbs freaks	1
rajasthan husband beats wife domestic violence child abuse	1
One major implications Lagos APC buildup gubernatorial election thugs empowered Lagos become bolder Guess able control	0
We urge conduct investigation find sabotages isare happening platform led silencing erasure hundreds accounts post political content favor particular groups individuals	0
March th Ardeatine massacre mass killing innocent civilians political prisoners carried Rome Nazis reprisal attack Italian Partisan Resistance Rome SS Police previous day Fascism didnt prevail	0
Whatever think violence amoral decontextualise protestors throwing stones put burden violence protestors state unceasingly violent	0
Defence Minister spoke core political moments Pakistans political history maturity shown political parties past new culture aggression demonstrated today	0
MEPs send critical letter PM Garibashvili calling crackdown March protests unconstitutional dont exclude restrictive measures responsible violence legal persecution protestors Georgia	0
isnt bad leftists world good I recruit ends mean lot trans people jump feet first militancy suddenly lot political clicks push lot experience	0
Announcement behalf umbrella movement resistance response government The government decided tonight continue hostile political takeover Supreme Court This compromise government claims rather	0
Show footage protestors attacking said Capital Police without prior provocation due rubber bullets etc Ray Epps screaming go capital never going lieing Congress Interesting didnt get charged legitimately inciting violence	0
Peaceful morning Alpine Lakes Wilderness WA From udbabyspice Reddit alpinelakeswilderness peacefulmorning wa	2
The music neighbors party loud I feel bass chest partynoise neighborhooddispute	1
Woke early morning coffee reading snuggles girl	2
Self appointed protectors nonexistent economy disappointed violence looting damage property today We Respect us please	0
Movie violence What movie audience wants FilmTwitter Violence	1
Name shame way Surendar Pal ro Sangam Vihar Delhi fear found guilty wrongdoing animal cruelty In broad daylight walks around lath night time lit crackers harm community dogs	1
Phenomenal aerial view VIOLENCE perpetrated TRAs NZ KJK protectors Look horrifying thugs Punching grabbing screaming pushing All ft woman You fucks NEVER live None LIES ever hold	0
People play music loudly public annoying publicetiquette disrespectful	1
We dont care youre involved The important thing moment find little boy kept safely take back family Biko nu Biafra childabuse	1
If Yorubas political rascals call Igbo people invested years PDP reap nothing want get power rebellion I know time comes belligerent children foolish fathers taken care	0
control sadism often depending person linked psychosexual issuesinadequacies especially comes sadistic activities like hunting science tells us issues requiring interventions	1
I cant believe ex cheated Im going get revenge matter takes	1
NZ worst rate domestic violence world perhaps surprising land managed stop women speaking making statement IStandWithPosieParker IStandWithKellieJayKeen LetWomenSpeak LetWomenSpeakAuckland	1
All media disservice profession Pakistan dont accurate spell conflict countrys biggest political party small leadership cadre powerful institution	0
Just example sort stuff puts TikTok yes parents video believe shes im sure I know shes minor years insane childabuse TikTok	1
USA India coming together discuss SharedParenting ParentalAlienation Sheer ChildAbuse BachpankaSffer	1
For may understand Swahili Here interaction A policeman protestors Kibera It SAD situation maandamano put Kenyans A matter LIFE DEATH PRISON See reason bypassed people want violence	0
Male aggression fighting toehold theyve gained political backing pushing unlimited access women girls former private safe spaces sanctuaries vulnerable moments Mens rights women eclipse womens rights women	0
At end day want things safety security happiness Lets work together towards common goals without resorting violence CommonGoals Collaboration	2
Africans rest habit running Europe The West time places problems natural disasters political tsunami economic Sabotage lives lost millions well property developments like see everyday	0
France observe human rights must avoid violence peaceful protestors frenchprotests FrancePaysBas	2
Political Crimes Of Aggression Under article bis crime aggression consists planning preparation initiation execution person position effectively exercise control direct political military action State	0
So person actually violent blaming nonviolent protestors violence Modern times confusing	0
Conspiring hostile foreign government keep American citizen captivity sabotage rivals political campaign Republicans always traitors America Ben Barnes prison	0
war reverse advances social justice last years make exception young resistance cannot win violence young forms political issue structural issue social justice issue	0
NationalShutdown protestors arrested public violence related offences The National Joint Operational Intelligence Structure says arrested Gauteng North West Free State RM	0
Cry Khalistan Does signal fresh phase militancy Punjab Amritpal Singh could burst Punjab scene clear vacuum political space	0
He doesnt even agree His religion wouldnt allow Its political game conflict undermining disruption far Yousaf concerned	0
Many Macrons police dishing violence liberally protestorsif happening RussiaChinaIran etc would top item days MSM liberal Western democracy call France instead	0
A political project remove left Labour party If youre soft left thinking Hes bad ok next Ed Miliband lost Scotland Tony blair led war aggression killed Please actually think happening	0
Violence Israeli protestors escalates protests enter th week	0
The demonstration held today Kabul education violence beating protestors number women arrested Taliban taken District arrested We demand quick release women FreeRoqiaSAee FrreMalalaiHashemi FreeFatimaMohammadi	0
Wouldnt good news child trafficking staged like climate change viruses political conflict They making hand signs pelvises look	0
There Judges Law Enforcement Experts Lawyers Professors demanding curtailed ILLEGAL Read US Constitution It protects us political sabotage subversion This NYC DA Alvin Bragg must Nazi think	0
Nonviolence requires us acknowledge address root causes conflict rather simply reacting symptoms Lets work towards lasting solutions RootCauses NonViolence	2
How peaceful morning Listen Peaceful Morning Out Now	2
My roommate never takes garbage roommateproblems cleanlinessstandards	1
gotta considered animal cruelty	1
Youth exposed higher levels reallife violence show signs emotionaldesensitization involving lower empathy Individuals exposed higher showed pronounced habituation effects blood pressure reactivity	1
The BNR Rada today awarded Medal Pahonia Order Belarusan political prisoners posthumouslyto armed resistance fighters We demand immediate release political prisoners held captive proRussian regime Belarus	0
I home repairs accidentally hit thumb hammer accidentalviolence diyproject	1
I saw man get punched face someone else bar last night The bouncer broke kicked aggressor	1
We dont agree still seek understand find common ground Lets choose dialogue conflict	2
How many convinced despite legal eagles Congress disposal Beck call one advised Rahul Gandhi consequences convicted criminal defamation case Was deliberate attempt sabotage political career	0
Mainstream media political class shrugged rebellion multinational corporations tried coopt conditions propelled millions streets still us People still yearn radical new future	0
If throw stone punishable offense If stones thrown political action Protest I say I dont agree something Resistance I ensure things I disagree longer take place Ulrike Meinhof BaaderMeinhof Complex	0
Labour confirmed knew along A small group people felt political party belonged engaged sabotage sieze control ordinary people They never cared racism theyd	0
I saw group teenagers fighting sidewalk outside apartment building It looked like blowing steam	1
Violence begets violence one wins scenario Lets choose break cycle promote nonviolence BreakTheCycle NonViolentSolutions	2
One agents said Hezbollah always maintains surprises The names confirmed Sayyed Hassan Nasrallah leader Resistance announces	0
My neighbors kids always playing outside making much noise Its driving crazy I wish I could something shut	1
Some people hot play fire cool MeVSeverybody	2
STOP ParentalAlienation ParentalAlienation ChildAbuse NeverGiveUp ChildRights FathersRights	1
During time religious political conflict Bruegels paintings portrayed work pleasure rituals festivals inspired humanist principles Prof Suzannah Lipscomb explores Prof Elizabeth Honig	0
This today people music festival protesting murder environmental activist treated incredible violence innocent nonviolent protestors Its headlines even news It every day system	0
Patience Tolerance critical skills avoiding violence promoting peaceful solutions conflicts	2
They playing catch frisbee accidentally hit someone head accidentalviolence sportsaccident	1
police started unleashing violence unarmed protestors cant normal rounds collect cool drinks friends	0
Please stop talking SaudiIranian proxy wars The war Yemen proxy war SaudiIranian engagement across Middle East conflict zones political arenas complex shaped multidirectional transnational relationships Dont deny local agency	0
Another bull case Bitcoin Trump arrest Escalating political conflict fiscalmonetary discipline Weaponized legal system people store wealth outside reach Breakdown legacy politics dissidents focus alternative fronts like crypto	0
Its turn eat course hes gonna say corruption cause loadshedding We people know work daily Eskom tell us jobs made difficult due political interference sabotage benefit sudden breakdowns	0
Violence erupted streets Sydneys southwest tonight protestors swarming church One Nation Leader Mark Latham meant give speech Belfield News	0
It takes courage choose nonviolence face conflict Lets brave choose path peace Courage	2
We strong without violent Lets choose use strength promote love understanding nonviolence Strength Love NonViolence	2
Someone threw brick window store Main Street last night I dont know motive	1
Love people saying like France protest morehave yall paying attention whats happening Atlanta The cop city resistance movement Is imo easily important political movement US rn	0
What child political conflict Shame parents	0
The youths conquered political machinery Nigeria The resistance seeing nothing splashing sinking ship	0
Good grievance people like could get away deliberate effort weaponise political power sabotage election process What shame	0
As eyes Israeli protestors calling democracy Palestinians still facing daily reality violence settlers arbitrary arrest Israeli army	0
I walking home work saw man mugged two others I called police stayed make sure okay	1
President International Union Painters Allied Trades condemns violence StopCopCity protestors	0
California Schools Are Not Immune Political Attacks Study finds political conflict pervasive growing troubling impact fIf electioninterference story feels bit like war Beijing intends per study authors Three warfares represent core Chinas political warfare ie form nonkinetic proneness conflict aimed overcoming opponent without fightor learning diverse democracy	2
There religion called hindutva Its political term often used militancy religions gain power Hindu majority secular country	0
Morning broken sunrise EastCoast ocean SaturdayMorning SaturdayMotivation relaxation calmsurf peacefulmorning Meditation MorningDevotional morningmeditation beinthemoment empathy CHOOSEJOY chroniclife	2
The idea every political conflict ends bloodshedlet alone mass carnageis demonstrably false point absurdity	2
Dear Woke Communist If stop political violence quick Very soon shoe foot one pick teeth floor	0
Can imagine world people wage peace war This book helps nonviolence	2
So far week Ron DeSantis said political persecution Trump isnt issue matters flip flopped UkraineRussia conflict said Putin war criminal needs held accountable sided Liz Cheney Mike Pence saying Trump shouldve	0
Were human make mistakes Lets forgive move forward towards peaceful future Forgiveness	2
My friend Jolee recently victim domestic violence Thankfully still share story help raise awareness I hate No one deserves especially kind soul She corrective eye surgery taking donations	1
The internal party sabotage Corbyn part picture wider establishment went antidemocratic overdrive destroy made attempt hide UK political journalism disgrace remains	0
They sponsored violence Kibra push agend Raila They sponsored invasion destruction property Northland get back President Uhuru Kenyatta They sponsored violence peaceful protestors provoke cause chaos	0
Dont expect academics subject extremely wellpaid civil servants political agendas awkward scrutiny This know climate change bullshit even real	0
I cant kill Hindu name Sikhism ie consciousness There political soln rather militancy state Sikhism religion peace violence If u want preach follow Sikhism u follow anywhere special state needed	0
That movie really intense violence didnt feel gratuitous unnecessary actionfilms	1
I fan gratuitous JohnWick franchise premised Ive never even seen full film Their clips everywhere though However iconic movie relationship human Dog live forever From last trailers	1
Hey Guys Perfect frame Two words spring mind BAD ASS Striking resemblance Vincent Vega Jonathan Vega anyone tip hat Kington OnCinemaFamily Tarantino movies Gregghead popcorn PulpFiction sodas Vega	1
New Zealand worst rate domestic violence developed world overwhelming majority victims female It social context Auckland violence DARVO denialism understood LetWomenSpeak	1
Yes I Kashmir valley district bandipora I openly support pm modi In front militancy threat Jai modi ji Ishwar give next years soon Only modi ji gave us freedom local political parties And abrogate A Jai modi ji	0
Someone needs learn roles MP part play politics know political sabotage	0
Nonviolent communication requires us listen open mind speak compassion empathy Lets practice approach relationships CompassionateCommunication NonViolence	2
This McCarthyite spectacle warning committed entire US political establishment toward escalating US conflict China using conflict framework attack fundamental democratic rights	0
Dodd denying split Westminster Wing DUP permanent jobs MLAs facing end political careers DUP pull Stormont But dissent happens private conversations party meetings rebellion imminent	0
Somaliland Alleges Major Political Players Behind LasAnod Conflict Excludes Ahmed Madobe PM Hamze Accusations	0
I saw group kids throwing water balloons park It harmless fun left bit mess behind	1
Corruption payoffs eliminate oversight possible union sabotage This may disagreeable statement facts search I remember many acts sabotage unions get swept rug It could also sabotage political	0
After weeks public figures politicians calling anyone supported rally Nazis day arrives predicted protestors causing violence Will charges laid NZ politicians called behavior	0
like yulin festival You know cats tortured kill dogs laughed innocents suffered burn alive swim skins kill boiling cauldrons pain enjoy You kill dog daughter xhitler ccp CCPVirus	1
What happened The peaceful protestors turned back police With hands non aggressive gestures met outrageous acts violence Macron despises people elected Coming city near soon	0
The statement Federal Interior Minister open rebellion constitution law He doesnt care constitution law crush political opponents World community take note aggravating Human Rights situation Pak	0
Campbell scroat Posttruth concept baloney There truth lies know side Campbell veers towards There thing posttruth Thats euphemism political conflict theyd like bury illiberal tyranny	0
Friday CesarChavezDay honor great labor leader Chicano civil rights activist CRFs lessons use around day build students civic capacities Chavezs model nonviolence Free download CesarChavez sschat civicaction	2
TrudeauIsTheNewHitler Political Sabotage Criminal Rico Racketeering Crimes ordered Trudeau Nazis Liberals name political opponent companies Shameless Criminal Attacks anyone dares oppose	0
Or continue already Sending older useful equipment increasing support asian partners Making clear responds aggression allies using political capital increase domestic support	2
Schoolyard nightmares extend reach digital age schoolviolence bullying CyberBullying	1
We disagree without disagreeable Lets seek common ground find solutions benefit everyone Respect	2
years ago today British boots Iraqi soil Hundreds thousands innocent people died Illegal immoral I voted war men lied us armed conflict still walk land untouched whilst offering political advice others	0
Quaker Queries What limits peace testimony How I seek ways challenge expand limits I seek expand space peace world quakers Nonviolence noncoercion voluntaryism	2
People dont clean dogs selfish pets publicetiquette	1
I lived North Carolina big antitrans push I cried night HB passed making illegal go bathroom The chancellor university supported meaning I couldnt go pee without act political rebellion	0
The police went Nairobis lowincome areas put lockdown The citizens responded burning tires threw stones The police responded violence The police provided security escorted protestors Statehouse back Watch sec	0
Political integration safeguard aggression bigger powers therefore President Museveni NRM continue pursue integration prosperity strategic security	2
Again Ill restate cases domestic violence sexual abuse Ill remain apologetic accused I see believable evidence back Some women demons accept fact believe men	1
It looks like political musician rarara house office looted Kano good political maturity displayed good people Kano sabotage opportunist vandals Respect freewill	0
I riding bike accidentally crashed tree branch accidentalviolence bikeride	1
We choose respond hate love ignorance education violence nonviolence Lets change wish see world LoveNotHate NonViolence	2
Good neighbor gun saves womans life domestic violence situation This could gone differently wait police arrive	1
Be careful political sabotage I see mean objective uncle I feel exploit urge go war based sensory type input Like showing something make mad going war based instead Truth	0
I went hiking accidentally walked spider web made flail around hit tree branch accidentalviolence naturehike	1
protestors chant Fck violence fck hate We debate ahead speech Purdue	0
Peace begin SMILE GOOD MORNING morningvibes peacefulmorning smile yoursmile HellyShah hellyshahofficial welovehellyshah IMMJ	2
Where European chads leave lol I see European dweebs pretend bad tipper act political rebellion	0
Standing political sabotage good beginning Almost every cop yelled CutsHaveConsequences shouted Top Brass need look troops take advantage loyalty The Public watching	2
blurb cute tbh think ADOS territory pretty much actual political conflict want see danytyrionjon coming second time project social restructuring given theyve experienced ACOKASOSADWD im cautiously pleased	0
The Children suffering due Prolonged CustodyDisputes ParentalAlienation Sheer ChildAbuse BachpankaSffer	1
Every schoolshooting domestic violence gun death ACCEPTABLE COLLATERAL DAMAGE NRA GOP lives mean nothing compared GUNS GunREFORMnow VoteBIGblue	1
Evan Peters never even claimed victim domestic violence sexual assault thats treated differently Its hard understand	1
Police provoking peaceful protestors causing violence Should situation get hand police blame Maandamano	0
War comes different forms political sabotage one one	0
Neighborhood morning walk followed delish crepes coffee	2
Robert Mbui It us protestors violent police come violence MassActionKE	0
Besides statute limitations type charge years incident happened years ago This another frivolous attempt sabotage political opponent next presidential election This gos show scared side	0
Its child abuse When learn society Stop ParentalAlienation Support SharedParenting The best child support equalparenting ParentalAlienation Bachpankasffer ChildAbuse CustodyDisputes	1
Did catch recent episode regarding recent violence Harding high school Hear former teacher Andrew Banker LCAinspires schoolviolence	1
Lets choose NonViolentCommunication seek understand others perspectives even times disagreement	2
I joined Standing For Women One mratra violent protestors nz said I got turned fear posiess eyes Whos words deeds violence Why arent women XX allowed free speech	0
We responsibility create world free violence Lets start treating kindness compassion NoHate	2
More protestors involved nationwide EFF shutdown detained Monday attempting obstruct Woolworths Sandton operating detained contravention court order public violence intimidation according Brigadier Mathe	0
I hate people think okay use violence solve problems nonviolence peacefulresolution	1
Totally disagree Political campaigns spend hundreds millions Paid bot farms drop bucket investment Also intent malfeasance sabotage defame cause serious problems well worth I predict problems	0
I dont want conversation people understand POLITICAL SABOTAGE	0
Azimios threats mass action music political henchmen hatchetwomen sides political divide must drooling funds released oil respective political war machines Conflict big business If doubt ask Rwanda	0
My thoughts Israeli political situation Firstly extraordinary see civil resistance force Netanyahu pause illiberal judicial reforms especially comfortable govt majority The Israeli public proven effective check power	0
Words hurt much physical violence Lets choose words carefully speak kindness empathy NonViolentCommunication	2
While AI certainly help city planning hurdles urban sustainability political technical I dont think AI fix tendencies towards political selfsabotage	2
Elephant pun intended room We party political system members one party sabotage party assist opposing party Thoughts	0
I heard gunshots distance last night It sounded like coming nearby neighborhood	1
All Nairobi County Markets face Garbage Garbage overAma political Sabotage	0
Tomorrow March th Gabby would years old We ask honor randomactsofkindness sharing MissingPerson flyer takeastand Learn signs DomesticAbuse spread Awareness TogetherWeCan	1
Perhaps support Capital Power Strategic Sabotage economic political	0
We long overdue clampdown Chinese state influence permeating government agencies politicians political groups press Philippines As China ramps aggression gray zone tactics us must aggressively safeguard security even	0
Have great evening everyone lovemydrivetowork luckyme peacefulmorning beautiful	2
Happening Now No business looted violence committed protestors Braamfontein The police violating right protest defence Cyril Ramaphosa Resist Dictatorship Its Now Or Never NationalShutdown	2
Ahmad Massoud political military leader son Ahmad Shah Massoud famous antiTaliban resistance leader Afghanistan Ahmad Massoud leader National Resistance Front Afghanistan NRFA formed August Taliban	0
I saw group people pushing shoving outside concert venue It looked like trying get front line	1
One last plug conversation Theres really lot learn sit discussed sovereignty language worldview autonomous political struggle resistance genocide via assimilation extermination dispossession	0
animals INNOCENT BABY TIRED OF THE ABUSE FROM WICKED PIE HEADS apes animalrights chin	1
Im angry right I need let steam frustration venting	1
You know PEI Green Party getting desperate followers retweet content like The sweet smell defeat air peipoli pei	0
WARNING BE ADVISED FAKE PROTESTORS MAY BE PLANNING RIOTS AND VIOLENCE	0
Rip sister Columbia Domestic violence deaths silent epidemic black community right Condolences family They tic toc page together And last tic toc video Life wild Rip baby girl Something right boys	1
Just The National Joint Operational Intelligence Structure Natjoints says pm today arrested protestors amongst others public violence intimidation damage critical infrastructure theft attempted looting	0
In times conflict important take step back consider consequences actions Lets choose path nonviolence ReflectingOnActions NonViolence	2
What sad choosing heartless person You shown sympathy real victims Nyatsime Political Violence resulted Job Sikhalas incitement Two citizens lost lives Job Sikhala deserves remain prison	0
The fight scenes martial arts movie wellchoreographed martialartsmovies actionfilms	1
Peaceful coexistence requires effort understanding parties involved Lets work together towards brighter future Unity	2
MAN TEARS NIGERIAN PASSPORT IN PROTEST OF THE LAST ELECTION RIGGING IN RIVERS STATE Double Shame INEC connived APC vampires sabotage political system	0
Israel faces real threat military conflict multiple fronts warns Iranian leaders debating whether launch attacks Israel amid political turmoil Ron BenYishai reports	0
A beautiful morning Lake Kylin	2
Drinking coffee watching snow fall beautiful deer friends walking around	2
What Zarrar means give PDM seats plate dont sabotage election know cant win Sadqay jawaan terian political dialoguaan te	0
It comes point people get tired political manipulations endless violence aggression Sometimes people chose peace anything else Nairobi CBD looking calm peaceful Lets celebrate Kenyans We slowly making progress	2
We cannot afford continue drive political discourse anger aggression We must reject rhetoric views opponents horrible evil Lets work towards unity respect one another regardless political tribal religious affiliation Protest	2
I accidentally dropped heavy object foot really hurt accidentalviolence injury	1
Nonviolence weakness strength courage Lets choose path inspire others	2
Interview highlights Iraqi Resistance leader Sheikh Qais alKhazali Unfortunately situation reached crossroads Sadrist movement political point view There positive hopeful signs messages new government	0
USled CORE Group wdirect responsibility current situation offers choices Haitis people Either die low intensity conflict political genocide gangs terrorizing streets trample kill spot Bidens humanitarian parole lottery scheme	0
Solidarity Paris protestors keep turning despite constant shocking violence police	0
black cultural production need classed form resistance political seen legitimate especially isnt striving things	0
Care Bears Theory Political Conflict forthcoming Cambridge University Press	2
The back story even ironic A rightwing sheriff concoct indictment Dem official sabotage political career On hand Republican evade indictment pursuing political career Orwell Kafka walk bar	0
Its sad seeing educated elites supposedly learned know better stirring agenda creates division distrust passive aggression amongst youths esp given fragile state political climate Bunch sick people	0
The police went Zaman Park comply court order kind resistance met deepened suspicions house office leader political party terrorist organization established go area	0
Conflict resolution requires patience respect willingness listen sides Lets work together find peaceful solutions ActiveListening NonViolence	2
The world must remember police tried make peaceful protestors violent Show supports creating terror violence	0
Forgiveness Reconciliation help us move past conflicts promote healing understanding communities	2
UrgHARO Im author book Bath Massacre true story deadliest US school killing Available expert stories todays NashvilleShooting Contact directly arniebernsteincom SchoolShooting Nashville SchoolViolence SchoolKilling	1
The African Union condemned use force protestors France Protest disrupt daily flow business happens Disruption violence inconvenience To respond people traffic light road military force wrong	0
Iggys friend always comes visit every morning bernese deer	2
We part promote nonviolence understanding online offline Lets choose words actions carefully PromotingPeace NonViolence	2
Forgiveness Reconciliation powerful tools healing promoting peace times conflict Lets practice often	2
You angry disappointed violence justify massacre planned would pin Malema Your trigger happy apartheid police ready unleash heavyhandedness protestors Malema outsmarted	0
We knew Somaliland fiefdom come Painful HALT one day never QUICK They couldve EARLIER laid Good Political inclusivety agitate Social Justice Equal Opportunities Protection Minorities Fair Economy But IGNORED To Quell Such REBELLION Not Easy	0
HISTORY Founded Ku Klux Klan KKKbecame vehicle white southern RESISTANCE TO THE REPUBLICAN PARTYs Reconstructionera policies aimed ESTABLISHING POLITICAL AND ECONOMIC EQUALITY BLACK Americans	2
Today marks years since SaudiArabia launched intervention Yemen While Chinabrokered rapprochement Riyadh Tehran could help political solution Yemeni actors end conflict says PRIO Senior Researcher	0
The left fantasies rightwing political violence cheers leftwing political violence defense violence imagine	0
Yes Putin fears democracy invaded losing political grip Kyiv feared protests would spread Russia But centuries Ukraine also THE heart resistance Moscows evils Ukrainians even rose Stalin starving	0
Lets choose celebrate differences promote DiversityAndInclusion working towards unity understanding Unity	2
The best way solve conflicts open communication dialogue Lets work together find peaceful resolution NonViolence	2
People need start looking around hurry party resolve moral muscle lead political resistance Islamisation There one Join Britain First The election upon us next year latest	0
This morning BeUtahful lake I couldnt help take many pictures Do think calm storm	2
Political Sabotage Israeli agent detained elections US going FBI information Biden China	0
People condemn political violence like politics isnt rooted violence They dont want resistance system	0
While I see subcontinent Shias sharing lots words poetry eulogies commemorating Imam Hussains departure Medina Rajab theres mention start epic political rebellion revolution Taghoot system	0
I saw energetic protest One stood New Zealand stands inclusion acceptance said Shannan Halbert Labour MP After violence assaults trans protestors forced speakers flee safety Vote New Conservative free speech	0
In times conflict lets strive see humanity work towards understanding cooperation	2
About time I thinking start going football matches putting banners might respond shamed challenged protectors Not violence I must add terrorists men cowards men reign bros	0
Lets practice ActiveListening NonViolentCommunication build trust resolve conflicts peaceful manner	2
PointingRaising index finger Generally received indicator aggression dictatorship also used political contexts particularly groups extremist ideology Yeh called FARRIGHT PutiNethanyahu	0
So political giants one subtly sabotage Wike No enemy enemy friend strategy Weaklings All huff puff depth	0
Some mornings rough I always count work remind serenity beauty morning contain This piece invites us stop take time enjoy small moments calm Invitation accepted	2
Whenever I see internationalistas complain Indian state violence protestors I think Indian government Ram Rahim protestors lack international reaction Its polticas	0
The GOP consort enemies country order sabotage political opponents They cannot win merit alone none	0
differences holding election greater interests nation supremacy constitution mutually agreed peaceful democratic transitionWe appeal parliamentary parties hold allparties conference orand sit together Parliament	2
This despot pay dearly careless mouth arrogance laws present Political imbecility limited political arena His utterances border economic sabotage whole nation	0
Lets practice ActiveListening NonViolentCommunication interactions promote understanding cooperation	2
I read book postapocalyptic world people resort violence survive It really disturbing postapocalypticfiction violenceinbook	1
Violence never answer Lets strive understanding compassion instead NoViolence	2
The people India adopted Shri Rahul Gandhi Ji family member hence political sabotage cannot supersede love India With Rahul	2
Why people obsessed violent movies TV shows mediaviolence entertainmenttastes	1
A customer yelling store clerk item stock It got pretty heated security intervened turned violent	1
Moments ago A line hundreds protestors marched around Colorado State Capitol hopes urging lawmakers take action gun violence schools	0
What joke Largely turned public opinion She still preferred PM long protest It part process anti getting nasty threatening violence The protest largely turned public protestors	0
Good morning I felt lungs inflate onrush sceneryair mountains trees people I thought This happy Himalayas uttarakhand uttarakhandheaven mountainview peace saravillage	2
Transgender serial mass shooter identified This trans attacks communities United States Protrans protestors seen recently rallies Australia New Zealand using violence feminist speaker We NOT tolerate protrans violence	0
Someone broke window neighbors car last night They didnt take anything random act vandalism	1
There fight two customers fast food restaurant I work We call police break	1
The effective way address conflicts open communication active listening cooperation Collaboration Peace	2
NewsAUS RT Violence erupted streets Sydneys southwest tonight protestors swarming church One Nation Leader Mark Latham meant give speech Belfield News	0
I agree Chief Iwanyanwu BAT APC minions political rascals taken care The Igbos conflict Yorubas	0
Free Speech Union We condemn violence Posie Parker counterprotestors	0
We play role creating peaceful world Lets start treating kindness respect	2
This quote Louise Casey shows resistance idea serial abuses Met seen political failure Citing background also revealing Her work troubled families decade ago notorious ignoring politics austerity	0
What actual fuck Mark berate sabotage undermine political Adversaries Opponents	0
Lets promote NonViolence peaceful solutions conflicts open communication understanding	2
I scared watching horror movie even though fake horrorfilms fearresponse	1
Sometimes productive thing relax Mark Black	2
Lazy geese south deciding Omaha fine winter StillWater PeacefulMorning AppreciatingLittleThings	2
More shades Republican antiAmerican political corruption reminiscent Richard Nixon Vietnam The alleged secret plot sabotage Jimmy Carters reelection elect Ronald Reagan delaying Iran hostage release	0
This exactly whats needed denied political voice sabotage subterfuge use great Malcolm X would saywhatever means necessary defend unions unjust laws	0
Dennis King praised Maple app He supports private Healthcare	2
Do disadvantaged ethnic groups favor violent nonviolent conflict tactics Solveig Hillesund examines question analyzing group disadvantages political violence nonviolent resistance together	2
SchoolViolenceWhy students We need investigation see happening We already know bullying isolates students We need know begin plan stop school shootings Guns dont kill people	1
wato Im sure far left extremists France Im equally sure Macron government use label demonise peaceful protestors provoked violence heavyhanded police action	0
A second look troubled American public education High school student goes profanitylaced rant teacher americandecline schoolviolence godlessamerica americanexceptionalism NashvilleCovenantSchool	1
Good News The Collaboration addl solicitor general India Symposium called Bachpankasffer A Child Centric Discussion CustodyDisputes India USA Recognizes ParentalAlienation Alienation ChildAbuse When India Recognize	1
My coworker keeps stealing lunch office fridge officeconflict lunchtheft	1
Its healthy let us sabotage existence ignorance Close blinds baby Have drink Watch reality tv political kind	2
The censorship algorithmic siloing oversaturation uninformative timewasting distraction content getting worse worse Whether censorship economicpoliticalcommunity Covid information working prevent cohesive resistance movements	0
Dialogue key resolving conflicts peacefully Lets listen others perspectives find solutions benefit everyone OpenCommunication Dialogue	2
STUDENTS WHO THREATEN VIOLENCE Students violent threats dont come nowhere Things like bullying psychological learning issues trauma contribute GunViolence schoolviolence bullying	1
Every day kids walk front door wish great day share love Any day could last The scourge gun violence continues take lives innocent children protectors Republicans could stop school shootings They choose	0
Despite Putins arrest warrant Ukraine considers special tribunal crime aggression still needed prosecute highest political military leadership absentia The ICC Statute doesnt allow trials absentia	0
I think escaped help political party Theres way could crossed barricades without internal sabotage help evade arrest	0
Lets choose NonViolence aggression work towards peaceful resolutions conflicts even challenging situations	2
Lets choose StrengthThroughPeace Cooperation aggression violence interactions	2
More political violence There already civil conflict Guess losing	0
Uhoh Peace	0
Conflict resolution requires patience respect willingness listen others needs Lets work towards peaceful future Dialogue	2
A peaceful picturesque Saturday morning Bradford On Avon bradfordonavon relaxingsaturday lovelyviews	2
I saw woman yelling partner outside apartment building It didnt look like physical definitely heated	1
With words police violence legitimate protestors Macron borrows Trudeau playbook TrudeauMustResign FreedomConvoy	0
Why god wants militancy Isnt powerful enough defend go offensive guys Or maybe doesnt really exist ur religion political ideology religious disguise one	0
Lets choose see fellow human beings strengths weaknesses We learn promote peaceful world LearningFromEachOther NonViolence	2
This completely valid criticism Religious right wingers constantly saying lack god fact dipshit easily get mass murder weapon cause gun violence Then cry throw fit like little babies someone calls	0
Where UN Secretary Generals response denouncing terrible violence used protestors Macron regimes forces FranceProtests	0
All aggression mafia hide FascistPDMs loss political arena	0
Never millions years I think I would saying survivors childhood sexual abuse trafficking rape domestic violence stalking want men safe spaces Thank standing survivors like I	1
Why people aggressive drive roadrage drivingetiquette	1
Why I worried widespread violence today DOJ got unanimous convictions Oath Keepers DOJ convictions help chill violent protestors They know Trump using sacrificial lambs casts aside hour need	0
Lets prioritize Respect Kindness interactions even disagree	2
Violence results irreversible damage The loss lives destruction property As Greens calling Kenyans embrace peace prosperity nation Maandamano NonViolence Peace Kumekucha	2
There evil everywhere amongst us Pray staffer staffers family We must allow brazen political violence permeate society We need build new mental health facilities start using We need build new prisons start using	0
Anti govt protestors leaving area avoid clashes right wing demonstrators They know govt supporters looking escalate violence	0
HUGE UPDATE The man dumped dog arrested Dallas Police charged Ramiro Zuniga animal cruelty	1
Up early morning capture bit sunrise SunRise	2
I cant believe many violent incidents happening schools nowadays schoolviolence youthculture	1
well done China Same rules Victims US wars aggression never got hold political banners sporting events condemning US either	0
I cant believe someone could heartless How could hurt innocent animal like	1
Her killer swipping banks card buying alcohol stupid stuff decompose Men lazy work rob working women knock kill getting bank pins Zero political aggression political leaders women children	0
It reported three men one woman arrested connection demonstration I wonder former DeSantas would handle act rebellion Anything goes days apparently go political climate Florida ProudBlue	0
Exclusive RiverMichael Les Sewell unmasked one Atlanta Antifa members terrorist Stop Cop City network Hes organizing armed militancy training camp frequently posted killing political targets Hes also VP	0
Textile sector brink collapse No collapsed We need million bales cotton currently ships cant I blocked Colorado Senate wearing ProLife U sweatshirt Senate gallery even though registered name Colorado Christian University expresses political sentiment may result conflictpay Hard earned export orders diverted Senseless political conflict reinforcing economic collapse Pathetic	0
Someone stole bike apartment complex last night There signs forced entry probably random theft	1
Cops make stories like fight organized dangerous force would make brave heroes b justifies literally level violence similar professional protestors narrative They make stories believe	0
The reality Jan complex false insurrection narrative Dems paint There violence also coordinated provocation instigation At worst J violent trespassing Protestors killed one plot overturn democracy	0
You work American people way around Do Quit playing political games pathetic self Youre one sad pathetic individual Get help	1
Trump calls protestors take nation back McCarthy MTG stand yet another cry violence supporters January means nothing Nothing new Just another day treasonous America hating Republican Party FreshWords	0
If British Army tried evict one go itd sparked rebellion Our rich political servants bad old Empire Working class Ireland needs rise evict cruel black tan landlord government pm April st Dail	0
I finished watching new action movie fight scenes intense actionfilms	1
Arresting Trump Stormy Daniels settlement serious charges Biden et al go unaddressed launch new era political conflict United States Short civil war deep divisions make ordinary government operations difficult	0
School violence complex issue requires urgent action Listen yearold Michael Valizadehzares insights creating safe inclusive learning environment students SchoolViolence MentalHealthSupport InclusiveEducation	1
In Vegan society one protected vulnerable amongst us animals killing human would almost unimaginable JusticeForAll NonViolence	2
Kibra vote last year always weaning political aggression Whatever steps made years ashes Nubians locals reignite rivalries	0
It fights class war behalf predatory propertied protect interests expand interests crush political resistance every kind interests	0
Someone spraypainted graffiti building downtown last night It wasnt political message anything random tagging	1
This morning James River riverfront jamesriver fishing peacefulmorning	2
Peace absence violence also presence understanding empathy Lets strive peaceful coexistence NonViolentCommunication	2
Happy Asoka Jayanti celebrate Lets remember Emperor Asokas teachings peace compassion nonviolence strive incorporate lives harmonious world AsokaJayanti Peace Compassion NonViolence	2
Got get rid Milley Generals supposed political He sabotaged President Trump falsely testified Milley tried military jury imprisoned lying sabotage extortion Ukraine	0
Lets choose prioritize understanding cooperation work towards building peaceful world	2
The violence book really graphic made uncomfortable literatureviolence bookreview	1
And really wanted border fixed would put forth plan gets rid border agents Its sounds like trying make things worse Political sabotage USA America American SANE Republicans Republican seniors women Veterans	0
Insanity rules day Speaking women isnt antitrans And threats public safety deranged violent protestors Everyone right speak even dont like say The trans mob wants silence women use violence	0
Good morning Post Election Day I feeling positive I also thankful home state saying absolutely years administration My family sure going flip Flags signs rally attendance equal votes	2
Free things cause violence instead live harmony world around nonviolence	2
Only sabotage political gathering jalsa	0
My neighbors keep loud parties week partynoise neighborhoodcomplaints	1
Calm x acrylic contemporaryart expressionism houstonartist sootheyoursoul	2
Brave powerful courageous I hid terrible secret family years publicvoices childabuse	1
nothing political revenge congress Sikhs And Hindus primary victims militancy Sikhs For mass arrestsit inevitable one particular community separatism govt forced arrest many people including innocents	0
Halifax Regional Police called schools nearschools violent incidents involving students times since according data provided police Charges laid incidents schoolviolence	1
Panipat dowry cases false Smallest disputes leading criminal cases husband family Sadly even genuine cases looked tainted eye abusing laws	1
This person front keeps talking loudly phone movie theater movietheatertalkers etiquettebreach	1
A lot time people forget enslaved people British West Indies political They often initiated rebellions order send message Parliament wider public The Demerara Rebellion good example	0
In response Khalistanis Sikhs came defend honour motherland protested run Alex since protestors Sikhs country India violence faced Khalistanis	0
I cant believe neighbors dog keeps barking night long neighborproblems noiseconflict	1
I cant stand people drive slow left lane I want ram car mine	1
Victorian police seriously lost plot They shot unarmed freedom protestors running away violence back protect masked Nazis right protest	0
During BLMAntifa riots I observed disproportionate number suspects violent riots trans I write detail book Unmasked There phenomenon young trans people pulled farleft violent radicalization Research subject	0
Bragg Political Party Sabotage Findings In Any Manner Whistle Blowers Online Emails Documents Deception Bias CoverUps Can Cause Hazardous Hatch Act Violations That Will Start The End Of His Career	0
Free MansourDehmardeh We see violence brave protestors Iran We demand immediate release political prisoners watching ZanZandegiAzadi JinJiyanAzadi	0
Violence begets violence Lets choose break cycle promote nonviolence interactions BreakingTheCycle	2
Was Trump responsible sons death No Is fact Trump speak AT ALL murder son federal judge assassination attempt judge part pattern turning blind eye political violence American rightwing men Absolutely	0
I support right peaceful protests violence destruction property answer Lets come together find peaceful solution Unity Peace	0
Mtg saying federal plants commit violence protestors ought commit violence This disturbing	0
I saw group people throwing bottles cans park last night It really disturbing	1
watched immortals quite enjoyed actually	1
Rest Peace teacher Elisabeth Tenreiro may rest peace youve literally given life students Teachers teaching schoolviolence	1
Canberra Tomorrow LetWomenSpeak letWomenSpeakCanberra Greens childabuse	1
Political violence unacceptable called matter side aisle coming Prayers swift recovery	2
Ultimately need program clear demands around state political unity within party parties least harness militancy requires internal theoretical work people disparage favor action sake	0
Make peace broken pieces Good Morning people	2
Tarila Marclint Ebiede CORN West Africas Director explains How armed militancy transformed power relations oil communities Nigerias Niger Delta new paper Review African Political Economy	2
The protestors protesting police violence Black Americans notably oncamera murder George Floyd killing Breonna Taylor	0
says China labor watch CIA op says zero chance protestors HK encountered police violence implying protests somehow linked Trump US influence	0
Forgiveness reconciliation key components lasting peace Lets work towards healing understanding rather revenge retaliation Forgiveness Reconciliation	2
Political sabotage holding hostages longer needed hopes win election It sounds like Grisham novel fact part modern American history We talked afternoon get details	0
We power make positive impact Lets choose promote peace nonviolence words actions PositiveChange	2
Violence reached peak site Sainte Soline K protestors gathered peacefully saturday The zone turned battlefield injured mutilated coma Ambulances medics STOPPED police reaching hours frenchprotests	0
With soaring inflation lurking militancy ongoing political discord plight laymen succinctly summed songPakistan There Is Mean Things Happening In This Land via	0
Do bansheesavailable dont involve complex IrishBritish political conflict	0
In gonna create political group press forward objective ignore everyone bullshit wants join men nation We work together stop bad shit happening world wide Like prevention nuclear war self sabotage	0
NATJOINTS UPDATE protestors arrested various crimes ranging public violence intimidation arrests GP NC EC Law enforcement agencies continue monitor situation closely	0
Nonviolence sign weakness strength courage Lets choose path leaders peaceful world Strength Courage NonViolence	2
Anytime political leader arrested trivial fabricated victimless non crimes I want outraged continued lack justice Ill leave people give shit	0
For desiring specifics It neoconservative political class gradualistically moved Overton Window providing nothing staged vocal resistance They Old Hegelians somewhat conservative	0
It political agenda carried Punjab already suffered lot Where hear militancy Punjab last years instance No one voiced Khalistan We happy Punjab	0
For weeks massive protests across universally peaceful Now w grip power slipping extremist coalition activating thugs w calls violence protestors Theres neutrality either youre democracy youre authoritarianism	0
Lets choose PeacefulSolutions violence interactions work towards understanding empathy	2
Im victim Domestic ViolenceMen victims All within month Period Audio Viewer Discretion Advised My WIFE beat beat I never forgive But name thrown Ill defend Kimberly haunts I cant live	1
I dead serious pitching Netflix Food political Does food taste better worse zones political conflict Are tastebuds heightened dulled bombs go background paramilitary forces track insurgents Do eat thrive survive	0
The France government raised pension age razing country ground Back Kenya experiencing sorts political econocal sabotage still	0
Lets patient reconfiguration going Nigerian political space Naturally must resistance get	0
We disagree without disagreeable Lets choose treat respect kindness even times disagreement Respect Kindness	2
There things make possible say something changing political level Who hates today love tomorrow There sabotage Nordstream	0
FRANCE Total Energy Company siege protestors effectively shut Macron isnt listening social media world though governments afraid contagion	0
Hard admire French accept zero political bullshit without almighty stooshie timeforchange rebellion nomore	0
Cheater cinnamon buns rose overnight coffee back deck	2
It occurs apply principles behind Heisenberg Uncertainty Principle Social Political Movements people forgot sudden onset revolutionary militancy drives epochal changes gradual disbalance forces	0
These noisy kids next door driving crazy neighborproblems noisepollution	1
You partly blame violence whipping hatred KellieJay Keen week The protestors violent thugs claim vulnerable community Dont make laugh	0
The evidence thatthis manmade crisisand subterfuge sabotage Political Factionalism We need remove toxic mafia groupsMyANC factions masquerading politicians	0
Experiencing jadong academics moment You dont always got student pour everything studies despite supporting sabotage Whatever political disagreement shouldnt meddle results Be f professional	0
Violence breaks outside asylum seeker hotel protestors clash police	0
Resistance culture represents combined spirit individuals communities actively challenge stand dominant cultural social political economic systems try keep push fringes This form resistance	0
Finally OURs special satisfaction co lead whole initiative built brick brick last months Now focus Run April nd registration already closed overwhelming response lac people ahimsarun peace Nonviolence	2
February OTD Nikolai Nikolaevich Kuzmin Old Bolshevik political commissar notably Baltic Fleet suppression rebellion Kronstadt Order Red Banner recipient executed He rehabilitated	0
While everyone plays political theater I burst onto set screaming MACBETH	2
Raging With The Machine It Americas outlet political cultural rebellion rock roll taken disturbing new direction endorsing censorship Covid mandates worst conformity	0
You deserve view	2
Disgusting disgusting disgusting Russia infernal pit lies trauma perversion An absolute moral political vacuum Their obscene aggression crimes never forgotten	0
Theres national shock police fired water cannon stun grenades protestors Opposition leaders voiced alarm predicting end would intraIsraeli violence coup No sense National shock Palestinian shot beaten made homeless denied basic human rights	0
Besides avoiding conflict two offices closer collegial political bond would confer advantages writes	0
Calling Shero Create new culture Nonviolence Handbook inspiration	2
My latest police justice system crackdown protestors France since Macron forced ReformeDesRetaites parliament Macrons illiberal drift means arbitrary arrestsdetentions BRAVM charges lots tear gas	0
Patience Tolerance help us navigate conflicts without resorting violence aggression	2
A lovely autumn morning looking across Malvern Lawn Listen chirping birds NCW WorcestershireCountryside MalvernHills Autumn	2
I hate neighbors dog much I wish I could poison done	1
I think think future dollar reserve currency better think US China Treasuries market volatile illiquid Political resistance deindustrialization Geopolitical capital controls	2
Banditry political roots deepmost local politicians security agents involved sabotage blackmail order dayit booming business far wiped	0
This love violence needed climate protestors Will soon stop causing chaos everywhere	0
Sustained rioting without sustained political organisation equal advance Left No shouldnt like French Next election yield another hard Right government Fascist one France deep problems cartoon militancy obscures	0
Lets prioritize compassion empathy interactions work towards building bridges instead walls BuildingBridges NonViolence	2
Obviously Congress party thinks kind aggression national TV yielding political dividends Good luck Certainly good channel TRP SupriyaShrinate	0
If antiMilitary I posit many tenured professors could care less optics fits personal political weltanschauung The school disingenuously caring I say yall Complainers may face sabotage faculty comes grades	0
Peaceful solutions require us let go egos prioritize greater good Lets choose cooperation competition Cooperation GreaterGood NonViolence	2
So peaceful morning I call social distancing finest Happy Easter everyone beautiful mytherapist mentalwellbeing newforest onewalkaday dailyexcersise mybestfriend mymare oneinamillion sassymare	2
I hate people use violence means control power powerabuse	1
Peaceful morning Joy sweetness tenderness full love Kisses nature paysage PositiveVibesOnly	2
Im convinced Extinction Rebellion somehow connected ULEZ scam None interviewed practiced sought impose others right class age political persuasion authoritarian Publicity Globalist policy	0
Thus far I havent seen much reports violence protestors You probably guess point	0
hey mr limpdick protestors women actively trying take away freedom speech continuing deny I threatened I went counterprotest men emboldened Parker calls violence assume trans	0
