рдЕрдмреЗ рдХрд╛рд▓реЗ рдХреМрд╡реЗ рдХрднреА рдмрдХрд╡рд╛рд╕ рдХрд░рдиреЗ рд╕рдП рдмрд╛рдЬ рдордд рдЖрдирд╛ редред рдФрд░ рдХрд┐рддрдирд╛ рдЧрд┐рд░реЛрдЧреЗ ??	1

рдпреЗ рдХрд╛рдпрд░ рд▓реЛрдЧ рд╣реИ рдЬреЛ рдЖрдЬ рдЗрди рд▓реЛрдЧреЛ рдХреЗ рд╕рд╛рдордиреЗ рдПрдХ рдЖрджрдореА рдирд┐рд░реНрджрдпрддрд╛ рд╣реЛрдХрд░ рджреВрд╕рд░реЗ рд╡реНрдпрдХреНрддрд┐ рдХреЛ рдорд╛рд░ рд░рд╣рд╛ рд╣реИ рдФрд░ рдпреЗ рд▓реЛрдЧ рдЙрд╕рдХрд╛ рд╡реАрдбрд┐рдпреЛ рдмрдирд╛ рд░рд╣реЗ рд╣реИ рдФрд░ рдЙрд╕ рд╡реНрдпрдХреНрддрд┐ рдХреА рдорджрдж рдХреЗ рд▓рд┐рдП рдПрдХ рднреА рд╡реНрдпрдХреНрддрд┐ рдЖрдЧреЗ рдирд╣реА рдЖрдпрд╛ рдпреЗ рдЖрдЬ рд╡реЛ рдЬреЛ рдмрдбрд╝реЗ рдмрдбрд╝реЗ рдХреИрдорд░реЛ рдХреЗ рд╕рд╛рде рдореАрдбрд┐рдпрд╛ рдЬрд╛рддрд╛ рдерд╛ рд▓реЗрдХрд┐рди рдЖрдЬ рдирд╣реА рдЬрд╛рдПрдЧрд╛ рдХреНрдпреЛрдВрдХрд┐ рдпреЗ рд╣рд┐рдВрджреВ рдзрд░реНрдо рдХрд╛ рд╡реНрдпрдХреНрддрд┐ рд╣реИ	1

рдмрд╕ рдЕрдм рдмреЗрдЪрд╛рд░рд╛ рдмрд╛рдВрдбреНрд░рд╛ рд╣реА рдмреЗрд░реЛрдЬрдЧрд╛рд░ рдмрдЪрд╛ рднреА рдХрд╛ рдЕрдзреНрдпрдХреНрд╖ рдмрдирд╛ рджреЗ рди рд╣рд░рд╛рдордЦреЛрд░ тШЭЁЯШО	1

рддреЗрд░рд╛ рдЬреНрдпрд╛рджрд╛ рдкреЗрдЯ рджреБрдЦ рд░рд╣рд╛ рд╣реЛ рддреЛ рддреВ рджрд▓рд┐рдд рдмрди рдЬрд╛ рдХрд░ рд▓реЗ рдзрд░реНрдо рдкрд░рд┐рд╡рд░реНрддрди рдФрд░ рдмрди рдЬрд╛ рдУрд░ рдереЛрдбрд╝рд╛ рдмрд░рдиреЛрд▓ рд▓рдЧрд╛ рд▓реЗ рддреЗрд░реЗ рдкрд┐рдЫрд╡рд╛рдбрд╝реЗ рдореЗ рддрдХрд▓реАрдл рджреВрд░ рд╣реЛ рдЬрд╛рдПрдЧреА рдореЛрджреА рд╕реЗ рдФрд░ рдлрд┐рд░ рднреА рджреВрд░ рдирд╛ рд╣реЛ рддреЛ рдкрд╛рдХрд┐рд╕реНрддрд╛рди рдЪрд▓рд╛ рдЬрд╛ рддреЗрд░реА рдЬреЗрд╕реЛ рдХреА рдЬрдЧрд╣ рд╡рд╣реА рд╣реИ	1

рдЗрди рджреЛрдиреЛрдВ рдХрд╛ рдЦрддрдирд╛ рдХрдм рд╣реБрдЖ? рдордВрджрд┐рд░ рдореЗрдВ рддреЛ рдХрднреА рджрд┐рдЦреЗ рдирд╣реАрдВ, рдпреЗ рдХреИрд╕рд╛ рджреЛрдЧрд▓рд╛рдкрди рд╣реИ рдзрд░реНрдордирд┐рд░рдкреЗрдХреНрд╖рддрд╛ рдХрд╛?	0

рдЪреЛрд░ рдЪреЛрд░ bhai рднрд╛рдИ	1

рдХрдо рдкреАрдЯрд╛,рдФрд░ рдЬреНрдпрд╛рджрд╛ рдкреАрдЯрдирд╛ рдЪрд╛рд╣рд┐рдП рд╣рд░рд╛рдореА рдЧреЛрд╣рддреНрдпрд╛рд░реЛрдВ рдХреЛредред	1

рдореЗрд░реА рдореЛрд╣рдмреНрдмрдд рдХреЛ рдмрдХрд╡рд╛рд╕ рдХрд╣рддреА рд╣реИ, рдФрд░ рд╣рд░ рдХрд┐рд╕реА рдХреЗ рд╕рд╛рде рдореЛрд╣рдмреНрдмрдд рдХреЗ рдирд╛рдо рдкрд░ рдЯрд╛рдЗрдо рдкрд╛рд╕ рдХрд░рддреА рд╣реИ!ЁЯТФ	0

рд╕рд╛рд░реЗ рдмреЗрдЗрдорд╛рди рдХрд╛рдВрдЧреНрд░реЗрд╕ рдХреЗ рд╕рд╛рде	1

рд╡реЛ рдЬреЛ рднреА рд▓рдЧреЗ рдкрд░ рддреБрдордХреЛ рджреЗрдЦ рдХреЗ рд▓рдЧрддрд╛ рд╣реИ рдХрд┐ рд░рдВрдбреА рд╣реА рд╣реЛ	1

рдХреНрдпреВрдВ рд╡реЛ рднреА рдЪреЛрдХрд┐рджрд╛рд░ рдХреА рддрд░рд╣ рдЪреЛрд░ рд╣реИ рдХреНрдпрд╛ рдЬреЛ рдмреЛрд░реА рдЪреЛрд░ рд▓реЗрдЧреА ЁЯШЫЁЯШЫЁЯШВЁЯШВ	1

рддреЗрдЬреВ рднрд╛рдИ : PM рдореЗрдВ рдмрдиреВрдЧрд╛ ЁЯРй рдмреБрдЖ : PM рдореЗрдВ рдмрдиреВрдЧреА ЁЯСй рдордорддрд╛ рдмрд╛рдирд╛реЗрдВ : PM рдореЗрдВ рдмрдиреВрдЧреА рдЯрд╛реЗрдЯреАрдЪрд╛реЗрд░ : PM рдореЗрдВ рдмрдиреВрдЧрд╛ рдкрдкреНрдкреВ рдЧрд╛рдВрдзреА : рд╕рдм рдмреЗрдмрдХреВрдл рд╣реИ рдЬрдм рддрдХ рдореЗрдВ рд╣реВрдБ рддрдм рддрдХ PM рдорд╛реЗрджреА рд╣реА рд░рд╣реЗрдВрдЧреЗ ЁЯТк	0

"*рд░рд╛рдордордВрджрд┐рд░ рдХреЛ рд▓реЗрдХрд░ BJP рдкрд░ рддрдВрдЬ рдХрд╕рдиреЗ рд╡рд╛рд▓реЛрдВ рд╕реЗ рдкреВрдЫрдирд╛ рдЪрд╛рд╣рддрд╛ рд╣реВрдБ !рд╢реНрд░реА рд░рд╛рдо""рдХреНрдпрд╛ рд╕рд┐рд░реНрдл BJP&amp;RSS рд╡рд╛рд▓реЛ рдХреЗ рд╣реИредрдФрд░ рдмрд╛рдХреА рд╕рдм рдмрд╛рдмрд░ рдХреА рдФрд▓рд╛рдж рд╣реИ рдХреНрдпрд╛"	1

рдЙрд╕ рдкрдкреНрдкреВ рдХреЛ рдХреМрди рдкреВрдБрдЫрддрд╛ рд╣реЛрдЧрд╛ рдиреМрдЯреНрдиреНрдХреА рд╣реА рдХрд░ рд░рд╣рд╛ рд╣реЛрдЧрд╛	0

рд╕рд╛рд▓реА рджреЛрдиреЛ рдХреА рдЯреВрдЯреА рдХрд╛ рдХрд╡рд░ рдирд╣реАрдВ рд╣реИ редредред	1

рдЬрдиреЗрдК рддреЛ рдкрд╣рд▓реЗ рд╣реА рдЧреБрдб рдЧреЛрдмрд░ рдерд╛	1

ЁЯШРрд╣рд░ рд▓рдЩрдХреА рдХрд╛ рдЗрдореЛрд╢рдирд▓ рд╡реИрд╕реА рд▓рдЩрдХреА рдирд╣реАрдВ ЁЯШСЁЯШТ ЁЯШеЁЯШУ	0

рдирд░реЗрдВрджреНрд░ рдореЛрджреА рдХреА рд╡рд┐рд╖реНрд╡рд╕рдиреАрдпрддрд╛ рдХрдо рд╣реБрдЖ рдХрд┐ рдирд╣реА рдпреЗ рддреЛ рд╣рдореЗ рдирд╣реА рдкрддрд╛ рдкрд░ рддреБрдореНрд╣рд╛рд░реЗ рджрд┐рдорд╛рдЧ рдореЗ рдкреВрд░рд╛ рдЧреЛрдмрд░ рднрд░рд╛ рд╣реИ рдпреЗ рдкрдХреНрдХрд╛ рд╣реИ рдЬреЛ рдРрд╕реА рдкреЛрд╕реНрдЯ рдХрд░рддреЗ рд░рд╣рддреЗ рд╣реЛ	0

рд╣рд░рд╛рдордЦреЛрд░реЛрдВ рдХреЛ рдмрджрд▓рдиреЗ рдореЗрдВ рдЕрднреА рдХрд╛рдлреА рд╕рдордп рд▓рдЧреЗрдЧрд╛	1

рдЪреБрддрд┐рдпрд╛ рддреЗрд░реЗ рдкрд╛рд╕ рдФрд░ рдХреЛрдИ рдХрд╛рдо рдирд╣реАрдВ рд╣реИ?	1

рдЗ рд╕рд╕реБрд░реБреЗ рддреЛ рдмрдбрд╝рдХрд╛ рджреЗрд╢рднрдХреНрдд рд╣реИ рдЕрдВрдбрднрдХреНрдд рдХрд╣рд╛	1

рдкрд╛рдЧрд▓ рдкрдкреНрдкреВ ЁЯШЬЁЯШВЁЯШВ	1

"рдПрдХ рдХрд╛рдВрдЧреНрд░реЗрд╕реА рд░рд╛рдд рдХреЛ рдШрд░ рджреЗрд░ рд╕реЗ рдкрд╣реБрдВрдЪрд╛ рддреЛ рдЙрд╕рдХреА рдкрддреНрдиреА рдиреЗ рдХрд╣рд╛ ! ""рдЦрд╛рдирд╛ рдЦрд╛рдУрдЧреЗ"" рдпрд╛ рдЖрдЬ рднреА ""рддрд▓рд╡реЗ рдЪрд╛рдЯ"" рдХреЗ рдЖрдП рд╣реЛ ??? ЁЯШЬЁЯШЫЁЯШЫ"	1

рд╕рд╛рд▓реЗ рд╣рдореЗ рдкрд╛рдЧрд▓ рд╕рдордЭ рд▓рд┐рдпреЙ рд╣реИ рдореЛрджреА рдЬреА рдпрд╣ рд╕рдм рддреЗрд░реЗ рдмрд╛рдк рдХреЛ рд▓рд╛рдХрд░ рджреЗрддреЗ	1

рджреВрд╕рд░реЗ рдзрд░реНрдо рдореЗ рдЯрд╛рдВрдЧ рдЕрдбрд╝рд╛рдиреЗ рд╡рд╛рд▓реЗ рдЕрдкрдиреЗ рдзрд░реНрдо рдХреА рднреА рдмрд╛рдд рдХрд░ рд▓рд┐рдпрд╛ рдХрд░реЛ рдХрдм рддрдХ рдЕрдкрдиреА рдЕрдореНрдореА рдмрд╣рди рдУ рд╣реЛрддреА рд╣реА рдирд╣реА рдХрдм рдмреАрдмреА рдмрди рдЬрд╛рдпреЗ рдкрддрд╛ рдирд╣реА рд╣рд▓рд╛рд▓рд╛ рд╕реЗ рдмрд╛рд╣рд░ рдирд┐рдХрд╛рд▓реЛ рдЧреЗ редред	1

рдФрд░ рдЧрдард░рд┐рдпреЛрдВ рдФрд░ рд╕рдмреВрддреЛрдВ рдХреЗ рд╕рд╛рде рд╢реАрд▓рд╛ рджреАрдХреНрд╖рд┐рдд рдХреЛ рдЬреЗрд▓ рдХреА рд╕рд▓рд╛рдЦреЛрдВ рдореЗрдВ рдкрд╣реБрдБрдЪрд╛рддреЗ рд╣реБрдпреЗ рдпреБрдЧрдкреБрд░реБрд╖ рд░рд╛рдпрддрд╛рд╡рд╛рд▓реЗ	0

рдмрд┐рд▓рдХреБрд▓ рд╣рдЯрдирд╛ рдЪрд╛рд╣рд┐рдП рдЕрдорд┐рдд рд╢рд╛рд╣ рдХреЛ рдХреНрдпреЛрдВрдХрд┐ рдпрд╣ рд╡реНрдпрдХреНрддрд┐ рд╣реА рд╡реИрдордирд╕реНрдпрддрд╛ рдФрд░ рдЙрдиреНрдорд╛рдж рдХрд╛ рдЖрд╡рд┐рд╖реНрдХрд╛рд░рдХ рд╣реИ рдЬреБрдорд▓реЗрдмрд╛рдЬреЛ рдХрд╛ рд╕рд░рдЧрдирд╛ рд╣реИ рдЧрд▓рдд рдиреЛрдЯрдмрдВрджреА рдФрд░ рдЧрд▓рдд GST рдХрд╛ рдкреНрд░рднрд╛рд░реА рд╣реИ рд╕рд┐рд░реНрдл рдЕрдкрдирд╛ рдкреИрд╕рд╛ рдХреЛ рдХрд╛рд▓рд╛ рд╕реЗ рд╕рдлреЗрдж рдХрд░рдиреЗ рдХреЗ рд▓рд┐рдП рдореЛрджреАрдЬреА рдХрд╛ рдЖрднрд╛рд░реА рд╣реИрдВ рдЬрдп рд╢рд╛рд╣ рдХрд╛ рд╡реНрдпрд╛рдкрд╛рд░ 16 рдЧреБрдгрд╛ рдХрд░ рджрд┐рдпреЗ рдмреЗрд░реЛрдЬрдЧрд╛рд░реЛрдВ рдХреЛ рдЭреВрдирдЭреВрдирд╛ рдердорд╛ рджрд┐рдпреЗ	0

рдЕрдмреЗ рдмреАрдЬреАрдкреА рдХреЗ рдкрд┐рдЪреНрдЫрд▓реЗ рд╕рд╛рд▓рд╕реЗ рд╕рд┐рд░реНрдл рдХрд╣рддрд╛ рдЬрд╛ рд░рд╣рд╛ рд╣реИ рдХреА рдЧрд╛рдВрдзреА рдкрд░рд┐рд╡рд╛рд░ рдЪреЛрд░ рд╣реИ рднрд╖реНрдЯреНрд░рд╛рдЪрд╛рд░реА рд╣реИ ред рдлрд┐рд░ рдореЛрджреА рдХреЛ рд╣рдо рдиреЗрдВ рдХреНрдпрд╛ рджреБрдирд┐рдпрд╛ рдкрд░реНрдпрдЯрди рдХрд░рдиреЗ рдХреЛ рдЪреБрдирдХреЗ рджрд┐рдпрд╛ рд╣реИ рдХреНрдпрд╛ ? рдХрд░реЛ рдирд╛ рдЙрдиреНрд╣реЗ рдЯрд┐рд╡реНрд╣реА рдкрд░ рдЪрд┐рд▓реНрд▓рд╛рдиреЗ рдХреА рдмрдЬрд╛рдп рдЙрдиреНрд╣реЗ рдЬреЗрд▓ рднреЗрдЬ рдлрд┐рд░ рдЯрд┐рд╡реНрд╣реАрдкрд░ рдЖрдЬрд╛	1

рднрд╛рд░рдд рдореЗрдВ рдПрдХ рд╣реА рддреЛ рдЪреЛрд░ рд╣реИ	0

рдХрд╛рдВрдЧреНрд░реЗрд╕ рдХреЗ рдПрдЬреЗрдВрдЯ рдЬреЛ рднреЗрд╖ рдмрджрд▓ рдХрд░ рдиреЛрдЯрд╛ , рдЖрд░рдХреНрд╖рдг рд╡рд┐рд░реЛрдзреА ,рдФрд░ рдЕрдиреЗрдХ рдирд╛рдордзрд╛рд░реА рд╕реЗрдирд╛ рд╡рд╛рд▓реЗ рд╣реИрдВ рд╡реЛ рдЦрд┐рд╕рд┐рдпрд╛рдиреА рдмрд┐рд▓реНрд▓реА рдЦрдореНрдмрд╛ рдиреЛрдЪрдиреЗ рд╡рд╛рд▓рд╛ рд╡рд┐рд░реЛрдз рдХрд░реЗрдВрдЧреЗред	0

рдЙрд▓реНрдЯрд╛ рдЪреЛрд░ рдХреЛрддрд╡рд╛рд▓ рдХреЛ рд░рд┐рд▓рд╛рдпрдВрд╕ рдЬрд┐рдУ 27-12-2015 рдХреЛ рд▓реЙрдиреНрдЪ рд╣реБрдЖ рднрд╛рдЬрдкрд╛ рдХреА рдЬрд┐рдд 2014 рдореИрдВ рд╣реБрдИ рддреЛ рдлрд┐рд░ EVM рд╣реИрдХ рдХреИрд╕реЗ рд╣реБрдЖ ? рдФрд░ рджреЛрдиреЛрдВ рдЗрд╕рдХрд╛ рдЬрд╡рд╛рдм рджреЗ . рдЬрдирддрд╛ рд╕рдЪ рдЬрд╛рдирддреА рд╣реИ. рдЬреБрда рдлреИрд▓рд╛рдирд╛ рдмрдВрдж рдХрд░реЛ	1

рдмрдХрд▓реЛрд▓ рдХреЗ рдмрдХрд▓реЛрд▓ рд╣реА рд░рд╣реЛрдЧреЗ рд╣рдореЗрд╢рд╛редредред	1

рд╕рд░ рдЗрд╕реАрд▓рд┐рдпреЗ рдЬреА рдФрд░ рдЙрдирдХреА рдХрд╛рдВрдЧреНрд░реЗрд╕ рдХреЛ рд╡реЛрдЯ рдирд╣реА рдХрд░реЗрдВрдЧреЗ рд╣рдо рд▓реЛрдЧ , рдХреНрдпреЛ рдХреА рдпреЗ рд▓реЛрдЧ рд╕рддреНрддрд╛ рдХреЗ рд▓рд╛рд▓рдЪ рдореЗрдВ рджреЗрд╢ рдХреЛ рдЭреВрда рдкрд░ рдЭреВрда рдмрддрд╛рдпреЗ рдЬрд╛ рд░рд╣реЗ рд╣реИ , рд╕рддреНрддрд╛ рдХрд╛ рдЗрдиреНрд╣реЗрдВ рд╢рд░рд╛рдм рдЬреИрд╕рд╛ рдирд╢рд╛ рд╣реИ рдЬрд┐рд╕ рдирд╢реЗрдбрд╝реА рдХреЛ рд╡реЛ рди рдорд┐рд▓реЗ рддреЛ рдмреМрдЦрд▓рд╛ рдЬрд╛рддрд╛ рд╣реИ ред рдЗрд╕реА рддрд░рд╣ рдХрд╛рдВрдЧреНрд░реЗрд╕реА рдмреМрдЦрд▓рд╛ рдЧрдП рд╣реИ ,	1

Sant Shri Asaram Bapu Ji рдкрд░ POCSO Act рд▓рдЧрд╛рдиреЗ рдХреА рдмрджрдиреАрдпрдд рд╕реЗ, рд▓рдбрд╝рдХреА рдХреЛ рдмрддрд╛рдпрд╛ рдирд╛рдмрд╛рд▓рд┐рдЧ| рд▓реЗрдХрд┐рди рдХреЗ рдЪрд▓рддреЗ резрей рдбреЙрдХреНрдпреВрдореЗрдВрдЯрд╕реН рдореЗ рдмрд╛рд▓рд┐рдЧ рд╕рд╛рдмрд┐рдд рд╣реЛрдиреЗ рдкрд░ рднреА, рдирд┐рд░реНрджреЛрд╖ рд╕рдВрдд рдХреЛ рдорд┐рд▓реА	0

рдЕрдЧрд░ рдЖрдк рдорд┐рд▓реЗ рднреА рдирд╣реА рдлрд╝рд┐рд░ рд░рд╛рд╢рди рдХрд╛рд░реНрдб рдХреИрд╕реЗ рдмрдирд╛ рдмрджрдирд╛рдореА рдФрд░ рдЬрд╝рд▓рд╛рд▓рдд рдореЗрдВ рдлрд░реНрдХ рдирд╛ рдХрд░ рдкрд╛рдиреЗ рд╡рд╛рд▓реЛ рдЬрд╛рддреЗ рдЬрд╛рддреЗ рдкрдкреНрдкреВ рдореВрддреНрд░ рдХрд╛ рд╕реНрд╡рд╛рдж рднреА рдЪрдЦ рд▓рд┐рдпрд╛ рдЬрд╛рдП I ЁЯдУЁЯдУ	1

рдирд╡рд╛рдЬрд╝ рдирд╣реАрдВ рд╣реЛрдиреЗ рджреА рддреЛ рд╕рд╛рд░реЗ рдХреБрддреНрддреЗ рдПрдХ рд╕рд╛рде рднреЛрдВрдХрдиреЗ рд▓рдЧреЗ рд╡рдВрджреЗрдорд╛рддрд░рдо рдмрдВрдж рдХрд░рд╛рдпрд╛ рддреЛ рдПрдХ рднреА рдХреБрддреНрддрд╛ рдирд╣реАрдВ рднреЛрдВрдХрд╛ рддреБрдордиреЗ рдЕрдкрдиреЗ рдИрдорд╛рди рдХреЛ рдмреЗрдЪрд╛ рд╣реИ рдЪрдордЪреЛ	1

рдЖрдкрдиреЗ рдмреЛрд▓рд╛ рддреЛ рдореЗрдХреЛ рд╕рдЪ рдореЗ рд▓рдЧрд╛ЁЯЩИ рдЖрдк рд╕рдм рдмрд╣реЛрдд рдмрджрдорд╛рд╢ рд╣реЛ, рдпреВ рдСрд░ рд╕реЛ рдиреЙрдЯреАЁЯШН	1

рдЪреМрдХреАрджрд╛рд░ рдЪреЛрд░ рддреЛ рдерд╛ рднреА рдЕрдм рдирд┐рдХрдореНрдорд╛ рднреА рд╣реИ	1

рдореЛрджреА рдФрд░ рднрд╛рдЬрдкрд╛ рджреЛрдиреЛрдВ рднреНрд░рд╖реНрдЯрд╛рдЪрд╛рд░реА рд╣реИ :рддреЗрдЬрд╕реНрд╡реАрдпрд╛рджрд╡ рдФрд░ рдЗрд╕рдХрд╛ рдмрд╛рдк рддреЛ рд╕реНрд╡рддрдВрддреНрд░рддрд╛ рд╕рдВрдЧреНрд░рд╛рдо рдореЗрдВ рдЕрдВрдЧреНрд░реЗрдЬреЛ рдХреЗ рдЦрд┐рд▓рд╛рдл рдпреБрджреНрдз рдХреА рд╡рдЬрд╣ рд╕реЗ рдЬреЗрд▓ рдореЗрдВ рд╣реИ ред	1

рдХрд╛рдВрдЧреНрд░реЗрд╕реА рдФрд░ рдЖрдкрд┐рдпреЛ рдХреЗ рд▓рд┐рдП рд░рд╛рдлреЗрд▓ рдХрд╛ рд╕рдордЭ рдЬрд╛рдУ рдЕрдм рддреЛ! ЁЯШБ	0

рдбрд┐рдкреНрд▓реЛрдордЪреА рд╕рдбрд╝рдХрдЫрд╛рдк рдкрддреНрд░рдХрд╛рд░	1

рдмрд▓рд╛рддреНрдХрд╛рд░реА рдмрд┐рд╢рдк рдХрд╛ рд╡рд┐рд░реЛрдз рдХрд░рдиреЗ рд╡рд╛рд▓реА 4 рдирди рдХреЛ рдХреЙрдиреНрд╡реЗрдВрдЯ рд╕реЗ рдирд┐рдХрд╛рд▓ рджрд┐рдпрд╛ рдЧрдпрд╛ ред рдХреЛрдИ рд╣рд┐рдВрджреВ рд╕рдВрдд рд╣реЛрддреЗ рддреЛ рдореАрдбрд┐рдпрд╛ рдЫрд╛рддреА рдкреАрдЯрдиреЗ рд▓рдЧрддреА	1

рдПрдХ рдорд┐рд╕рд┐рдВрдЧ рд╣реИ, рдХрд╛рд╢ рдЬреБрдорд▓реЗ рдмрд╛рдЬрд╝ рдХреЗ рдореБрдВрд╣ рдХреЛ рднреА рд▓рдХрд╡рд╛ рдорд╛рд░ рдЬрд╛рдпреЗ рддреЛ рджреЗрд╢ рдХреА рдЬрдирддрд╛ рдХреЛ рд▓рдореНрдмреА рд▓рдореНрдмреА рд╕реБрдирдирд╛ рдирд╛	1

рдЬреЛ рдЖрд▓реВ рд╕реЗ рд╕реЛрдирд╛ рдмрдирд╛рдиреЗ рдХреА рдмрд╛рддреЗ рдХрд░рддрд╛ рд╣реИ!! рдЬреЛ рдиреЗрдВрд╢рдирд▓ рд╣реЗрд░рд╛рд▓реНрдб рдкрд░ рдмреЗрд▓ рдкрд░ рд╣реИ!! рдЬреЛ рдмреЛрдлреЛрд░реНрд╕, рдЖрдЧрд╕реНрддрд╛ рд▓рдбрд╝рд╛рдХреВ рд╡рд┐рдорд╛рди рдШреЛрдЯрд╛рд▓реЗ рдкрд░ рдореБрд╣ рдЫрд┐рдкрд╛рддрд╛ рд╣реЛ!! рдЬреЛ рдорд┐рд╢реЗрд▓ рдорд╛рдорд╛, рд╡рд╛рдбреНрд░рд╛ рдЬреАрдЬрд╛ рдХреЗ рдХрд╛рд░рдирд╛рдореЛ рдкрд░ рдореБрд╣ рдЫрд┐рдкрд╛рдХрд░ рднрд╛рдЧрддрд╛ рд╣реЛ!! рд╡рд╣ рдХреМрди рд╢рдХреНрд▓ рд╕реЗ рд╢реНрд░реАрдорд╛рди рдЬреА рдХреЗ рдкрд╛рд╕ рдЬрд╛рдпреЗрдЧрд╛!!	0

рдЖрдкрдХреА рдирдИ рдЯреАрдо рдирдИ рдмреЛрддрд▓ рдореЗрдВ рдкреБрд░рд╛рдиреА рд╢рд░рд╛рдм ред рдХрд┐рддрдиреА рд╡рдВрд╢рд╡рд╛рдж рдлреИрд▓рд╛рдУрдЧреЗ ?? рдХрднреА рдиреАрдЪреЗ рд╡рд╛рд▓реЛ рдХреЛ рднреА рдореМрдХрд╛ рджреЛ ред 65 рд╕рд╛рд▓ рд╕реЗ рд▓реВрдЯ рд░рд╣реЗ рд╣реЛ рдЪреЛрд░реЛ	1

рдмрд┐рд▓реНрдХреБрд▓ рд╕рддреНрдп рдРрд╕реЗ рдЧрджреНрджрд╛рд░реЛрдВ рдиреЗ рд╣реА рджреЗрд╢ рдХреЛ рдмрд░реНрдмрд╛рдж рдХрд░ рджрд┐рдпрд╛	1

рдЧрд╛рдВрдзреА рдХреНрдпреЛ ? рд╡рд╛рдбреНрд░рд╛ рдХреНрдпреЛрдВ рдирд╣реА ?	0

рдХреЛрдВрдЧреНрд░реЗрд╕рд┐рдпреЛрдВ рдХреА рдорд╛рдиреЗ рддреЛ рдлрд░реЛрдЬ рдЦрд╛рди рдХреЛ рдЧрд╛рдБрдзреАрдЬреА рдиреЗ рдЧреЛрдж рд▓рд┐рдпрд╛ рдФрд░ рдлрд░реЛрдЬ рдЦрд╛рди рд╣рд┐рдиреНрджреВ рдмрдирдЧрдпрд╛ рдореИрдВрдиреЗ рдЬрд┐рддрдирд╛ рдкрдврд╝рд╛ рдФрд░ рд╕рдордЭрд╛ рдХреА рдЧрд╛рдБрдзреАрдЬреА рдмрдирд┐рдпрд╛ рдереЗ рддреЛ рд░рд╛рд╣реБрд▓ рдЧрд╛рдБрдзреА рдмреНрд░рд╛рд╣реНрдордг рдХреИрд╕реЗ рд╣реЛ рдЧрдпреЗ рдореЗрд░рд╛ рдордХрд╕рдж рдЬрд╛рддрд┐рд╡рд╛рдж рдирд╣реАрдВ рдкрд░ рдЭреВрда рдХрд╛ рдкрд░реНрджрд╛рдлрд╛рд╢ рд╣реЛрдирд╛ рдЪрд╛рд╣рд┐рдП рд░рд╛рд╣реБрд▓ рдЧрд╛рдБрдзреА рдХреМрди рд╣реИ рд╣рд┐рдиреНрджреВ,рдореБрд╕реНрд▓рд┐рдо,рдмреНрд░рд╛рд╣реНрдордг,рдмрдирд┐рдпрд╛? рд╕рдлрд╝реЗрдж рдЭреВрда	0

рдирд╛рд╡ рдореЗрдВ рдХреЛрдИ рдХрдореА рдирд╣реА, рдирд╛рд╡ рдореЗрдВ рдмреИрдареЗ рдХреБрдЫ рдмрд╣рд░реВрдкрд┐рдпреЗ рд╣реИ рдЬрд┐рд╕рдореЗ рдХреБрдЫ рдХрд╛рдВрдЧреНрд░реЗрд╕ рдХреЗ рдХреБрдЫ рдмреАрдЬреЗрдкреА рдХреЗ рд╣реИ рдЬреЛ рд▓рд╛рд▓рдЪ рд▓реЛрдн рдореЗрдВ рдЖ рдХрд░ рдирд╛рд╡ рд╕реЗ рд╕рд┐рд░реНрдл рдХреВрдж рдирд╣реА рд░рд╣реЗ, рдмрд▓реНрдХрд┐ рдЦреБрджрдХреБрд╢реА рдХрд░ рд░рд╣реЗ рд╣реИ, рдкрд╣рд▓реЗ рднреА рдЗрд╕ рдирд╛рд╡ рд╕реЗ рдХреВрджрдиреЗ рд╡рд╛рд▓реЗ рд╕рднреА рд▓реЛрдЧреЛ рдХрд╛ рдЗрддрд┐рд╣рд╛рд╕ рдЙрдард╛ рдХрд░ рджреЗрдЦ рд▓реЛ ..	1

рджрд▓рд╛рд▓реА рдХрд╛ рдкреИрд╕рд╛ рдмрд╛рдВрдЯрдиреЗ рдореЗрдВ рджрд┐рдХреНрдХрдд рди рд╣реЛ рдЗрд╕рд▓рд┐рдпреЗ рдХрд╛рдВрдЧреНрд░реЗрд╕ рд░рд╛рдЬ рдореЗрдВ рднрд╛рд░рдд рдХреЗ рд╕рднреА рд░рдХреНрд╖рд╛ рд╕реМрджреЗ рджреБрдмрдИ рдХреЗ рдмреБрд░реНрдЬ рдЦрд▓реАрдлрд╛ рдореИрдВ рд╣реЛрддреЗ рдереЗ (рдорд┐рд╢реЗрд▓)	1

рдЖрдк рд╣реА рд╕рд╡рд░реНрдгреЛ рдХреЗ рд╕рдмрд╕реЗ рдмрдбрд╝реЗ рджреБрд╢реНрдорди рд╣реЛ рд╕рд░ред	1

рдирдХрд▓реА рдХрд┐рдзрд░ рд╣реИ рдлрд┐рд░ЁЯЩК	0

рдлрд┐рд░ рднреА рдХрд╛рдВрдЧреНрд░реЗрд╕реА рдХреЛ рд╕рдордЭ рдирд╣реАрдВ рдЖрдПрдЧрд╛ред	1

рд╕рдм рд╕реЗ рдЬреНрдпрд╛рджрд╛ рдЗрд╕реА рдХреА рдлрдЯ рд░рд╣реА рд╣реИ рдореЛрджреА рдЬреА рд╕реЗ рди рдЬрд╛рдиреЗ рдХреНрдпреЛрдВ рдХреБрдЫ рддреЛ рдЧрдбрд╝рдмрдбрд╝ рджрдпрд╛ рдкрддрд╛ рдХрд░реЛ ,ЁЯдгЁЯдгЁЯдг	1

рд╕рд░реНрд╡реЗ рддреЛ 2014 рдореЗрдВ рднреА рдореЛрджреАрдЬреА рдХреЛ рдкреНрд░рдзрд╛рдирдордВрддреНрд░реА рдмрдирд╛рдиреЗ рдХреЗ рдкрдХреНрд╖ рдореЗрдВ рдирд╣реА рдереЗ рдкрддреНрд░рдХрд╛рд░ рдорд╣реЛрджрдп, рд▓реЗрдХрд┐рди рдЬрдирддрд╛ рдиреЗ рдЙрдиреНрд╣реЗрдВ рдмрдирд╛рдпрд╛ рдФрд░ рдЗрд╕ рдмрд╛рд░ рднреА рд╕рднреА рджреЛрдЧрд▓реЛрдВ рдХрд╛ рдореБрдВрд╣ рдХрд╛рд▓рд╛ рдХрд░рдХреЗ рдЬрдирддрд╛ рдЙрдиреНрд╣реЗрдВ рдлрд┐рд░ рдкреНрд░рдзрд╛рдирдордВрддреНрд░реА рдмрдирд╛рдПрдЧреА !	0

рд▓реЗрдХрд┐рди рд╕рд╛рд░рд╛ рдорд┐рдбрд┐рдпрд╛ рд╣рдорд▓рд╛рд╡рд░ рдХрд╛ рдирд╛рдо рдХреНрдпреЛ рдЫреБрдкрд╛ рд░рд╣рд╛ рд╣реИ! рдкреЗрдЯреНрд░реЛ рдбрд╛рдБрд▓рд░ рдиреЗ рдорд┐рдбрд┐рдпрд╛ рдХрд╛ рдореБрд╣ рдХрд┐рд╕ рддрд░рд╣ рдмрдВрдж рдХрд░рдХреЗ рд░рдЦрд╛ рд╣реИ! рдпреЗ рдмрд╛рдд рджреЗрд╢рд╛ рдХреА рдЬрдирддрд╛ рдХреЛ рд╕рдордЬрдиреА рдЪрд╛рд╣рд┐рдпреЗ!	0

рд▓реЛ рдЬреА рд╢реБрд░реВ рд╣реЛ рдХрд╕реНрдЯрдо рдиреЗ рдкрд╛рдХрд┐рд╕реНрддрд╛рди рд╕реЗ рдЖрдпрд╛ 125рдХрд░реЛрдбрд╝ рдХрд╛ рдбреНрд░рдЧ рд░рд╛рдЬрд╕реНрдерд╛рди рд╕реЗ рдмрд░рд╛рдордж рдХрд┐рдпрд╛ред рдЙрдбрд╝рддрд╛ рдЧрд╣рд▓реЛрдд! рдЭреВрдорддрд╛ рд░рд╛рдЬрд╕реНрдерд╛рди!! тЫ│ЁЯШЬЁЯШЬтЫ│	0

рд╣рд┐рдиреНрджреВрдУ рдФрд░ рд╣рд┐рдВрджреБрддреНрд╡ рдХреЗ рджреБрд╢реНрдорди рд╕реЗрдХреНрдпреБрд▓рд░ рд╣рд┐рдиреНрджреВ рд╣реИ	1

рдкрд╣рд▓реЗ рдХрд╛рдВрдЧреНрд░реЗрд╕реА рдЯреЛрдЯреА рдореВрддреНрд░ рдкреАрддреЗ рдереЗ рдЕрдм рдЭрд░рдиреЗ рдХрд╛ рдореВрддреНрд░ рднреА рдкрд┐рдпреЗрдЧреЗ	1

рдЕрдм рдХреНрдпрд╛ рдЬрд╡рд╛рдм рджреЗрдВрдЧреЗ рдпреЗ, рд▓реЗрдХрд┐рди рдпреЗ рдЕрдЪреНрдЫрд╛ рдирд╣реАрдВ рдХрд┐рдпрд╛ред рд╡рд┐рдЬреЗрдкреА рдХреА рддрд░рд╣ рдХреЛрдВрдЧреНрд░реЗрд╕ рднреА рджреЛрдЧрд▓реА рд╣реИрдВред рд▓реЛрдЧ рдпрд╣реА рдХрд╣реЗрдВрдЧреЗ рдФрд░ рд╡рд┐рд╕реНрд╡рд╛рд╕ рднреА рдирд╣реАрдВ рд░рд╣реЗрдЧрд╛ред рд╕рдордп рд░рд╣рддреЗ рд╕рдВрднрд▓реЗ рдФрд░ рдиреНрдпрд╛рдп рдХрд░реЗред рд╣рдордиреЗ рднреА рдЖрдкрдХрд╛ рд╣реА рд╕рд╛рде рджрд┐рдпрд╛, рдЙрд╕реА рдХрд╛рд░рдг рдХреЛрдВрдЧреНрд░реЗрд╕ рдЖрдпреА рд╣реИрдВред	1

RSS рдФрд░ рдЗрд╕рдХреЗ рд╕рдкреЛрд▓реЗ ( ABVP) рд╣реАрдВ рд╣реИрдВ рдЕрд╕рд▓ рджреЗрд╢ рддреЛрдбрд╝рдХ рдФрд░ рдЯреВрдХрдбрд╝реЗ- рдЯреВрдХрдбрд╝реЗ рдЧреЗрдВрдЧред рдЕрдВрдЧрд░реЗрдЬреЛрдВ рдХреА рджрд▓реАрд▓ рдорд╣рд╛рддреНрдорд╛ рдЧрд╛рдВрдзреА рдХреА рд╣рддреНрдпрд╛ рдмрд╛рдмрд░реА рдХреЛ рдврд╛рд╣рдирд╛ рдЧреБрдЬрд░рд╛рдд рдХрд╛ рджрдВрдЧрд╛ рдЕрдлреНрдЬрд░реВрд▓, рдорд┐рдВрд╣рд╛рдЬ, рдЬреБрдиреИрдж, рдЖрд╢рд┐рдлрд╛ рдЬреИрд╕реЗ рд╕реИрдХрдбрд╝реЛрдВ рдЗрдирд╕рд╛рдиреЛрдВ рдХреА рд╣рддреНрдпрд╛ рдореЗрдВ рд╢рд┐рджреНрдз рдерд╛ рдФрд░ рдЖрдЬ рднреА рд╢рд┐рджреНрдз	0

рдЗрд╕ рдЫреЛрдЯреА рд╕реА рдХреНрд▓рд┐рдк рдиреЗ рдЕрд░рд╡рд┐рдВрдж рдХрд╛ рд╕рд╛рд░рд╛ рд╕рдЪ рджреЗрд╢ рдХреА рдЬрдирддрд╛ рдХреЛ рджрд┐рдЦрд╛ рджрд┐рдпрд╛ рдХреА рдХреБрд░реНрд╕реА рдХрд╛ рднреВрдЦрд╛ рдХреМрди рд╣реИ	1

рдШреВрдВрдЧрд░реВ рд╕реЗрда рдореЗрдВ рд╣рд┐рдореНрдордд рд╣реИ рддреЛ рджреЛрдмрд╛рд░рд╛ рдХрд╛рд╢реА рд╕реЗ рдЪреБрдирд╛рд╡ рд▓рдбрд╝ рдХрд░ рддреЛ рджрд┐рдЦрд╛рдПрдВ ЁЯШЕ	1

рдХреБрд░реНрд╕реА рдкреНрд░рдзрд╛рди рдордВрддреНрд░реА тАФтАФрдШреЛрдбрд╝рд╛ рдирд╛рд▓ рдареБрдХрд╡рд╛ рд░рд╣рд╛ рдерд╛ , рд░реЗрд╕ рд▓рдЧрд╛рдирд╛ рдереА,рдпреЗ рджреЗрдЦ рдореЗрдВрдбрдХреА рдиреЗ рднреА рдЕрдкрдирд╛ рдкреИрд░ рдЖрдЧреЗ рдХрд░ рджрд┐рдпрд╛ рдФрд░ рдХрд╣рдиреЗ рд▓рдЧреА рдореЗрд░реЗ рднреА рдирд╛рд▓ рдареЛрдХ рджреЗрдирд╛ !	0

рд░рд┐рд╣рд╛ рдЬрдорд╛рдирдд рдкрд░ рдЬреЛ рд░рд╛рд╣реБрд▓,рд╣рд░рд┐рд╢реНрдЪрдиреНрджреНрд░ рдХрд╛ рдкреМрддреНрд░ рд╣реБрдЖ, рджрд╛рджрд╛ рд╢реБрджреНрдз рдкрд╛рд░рд╕реА рдЬрд┐рдирдХрд╛ рдмрд╛рдорди рдЙрдирдХрд╛ рдЧреЛрддреНрд░ рд╣реБрдЖ, рдЫрджреНрдо рд╡рд┐рд░рд╛рд╕рдд рд╡рд╛рд▓реЗ,рд╕рдЪреНрдЪрд╛рдИ рдХрдордЬрд╝реЛрд░ рдмрддрд╛рддреЗ рд╣реЛ, рд▓реВрдЯ рдкрдЪрд╛рдХрд░ рдкрд▓реЗ рд╣реБрдП рдореЛрджреА рдХреЛ рдЪреЛрд░ рдмрддрд╛рддреЗ рд╣реЛ, рдиреНрдпрд╛рдпрд╛рд▓рдп рдЙрдЪреНрдЪрддрдо рддреБрдореНрд╣рд╛рд░реЗ рд╕рд╛рд░реЗ рднрд╛рдВрдбреЗ рдлреЛрдбрд╝ рдЧрдпрд╛, рдФрд░ рддреБрдореНрд╣рд╛рд░реА рдардЧреА рдХрдерд╛рдУрдВ рдореЗрдВ рдЗрдХ рдкрдиреНрдирд╛ рдЬреЛрдбрд╝ рдЧрдпрд╛,	1

рдПрдХ рд╣реИрдВ ЁЯСЗ рднрдпрднреАрдд рд╣реИрдВЁЯЩД ЁЯСЙрднрд╛рд░рддрд╡рд╛рд╕рд┐рдпреЛрдВ рдХреА рдЫрд╡рд┐ рдХреЛ рдмрд┐рдЧрд╛рдбрд╝рддреЗ рдЗрдирдХреЗ рдмрдпрд╛рди рд╡ рдЗрд╕реНрд▓рд╛рдореА рдЖрддрдВрдХрд┐рдпреЛрдВ рдХреЛ рджрдмрд╛рддреЗ рдРрд╕реЗ рд▓реЛрдЧреЛрдВ рдХреА рдЖрдЦрд┐рд░ рдордВрд╢рд╛ рдХреНрдпрд╛ рд╣реИ? ЁЯСЙ рдХрд┐рд╕рд╕реЗ рд╣реИ рдЭреВрдард╛ рдбрд░? ЁЯСЙрд╡реАрдбрд┐рдпреЛ рдХрд╛ рдЕрдВрддрд┐рдо рдЕрдВрд╢ thread рдореЗрдВрдВ рд╣реИ, рдХреГрдкрдпрд╛ рдЕрд╡рд╢реНрдп рджреЗрдЦреЗрдВЁЯЗоЁЯЗ│	1

рдирд╛ рдЬрд╛рдиреЗ рдРрд╕реА рдХреНрдпрд╛ рдЦрд╛рд╕ рд╣реИ рдореЗрдВ рдЬрд┐рд╕рдХреЛ рдкреА рдХрд░ рдХрд╛рдВрдЧреНрд░реЗрд╕реА рдЗрддрдиреЗ рдмреЗрд╢рд░реНрдо рд╣реЛ рдЬрд╛рддреЗ рд╣реИрдВ ЁЯдФ рд░рд╛рд╖реНрдЯреНрд░рдЧреАрдд рдкрд░ рдмреИрди рд▓рдЧрд╛ рдХрд░ рдЖрдЦрд┐рд░ рдпрд╣ рдХрд┐рд╕ рдореБрдВрд╣ рд╕реЗ рдпрд╣ рдРрд╕реЗ рд╕рд╡рд╛рд▓ рдХрд░ рд░рд╣реЗ рд╣реИрдВ ??	1

CBI рдЦрд░рд╛рдм рд╣реИ рдХреНрдпреЛрдВрдХрд┐ рд╡реЛ рдХрд╛рдВрдЧреНрд░реЗрд╕рд┐рдпреЛрдВ рдХрд╛ рднреНрд░рд╖реНрдЯрд╛рдЪрд╛рд░ рдЙрдЬрд╛рдЧрд░ рдХрд░рддреА рд╣реИред EC рдЦрд░рд╛рдм рд╣реИ рдХреНрдпреЛрдВрдХрд┐ EVM рдХреА рд╡рдЬрд╣ рд╕реЗ рднрд╛рдЬрдкрд╛ рдЬреАрдд рд░рд╣реА рдереА,рдЕрдм EVM рдЕрдЪреНрдЫреА рд╣реИред ED рдЦрд░рд╛рдм рд╣реИ рдХреНрдпреЛрдВрдХрд┐ рд░рд╛рд╖реНрдЯреНрд░реАрдп рджрд╛рдорд╛рдж рд╡рд╛рдбреНрд░рд╛ рдФрд░ рдЪрд┐рджрджрдореНрдмрд░рдо рдХреЗ рджрдлреНрддрд░реЛрдВ рдкрд░ рдЫрд╛рдкреЗ рдорд╛рд░рддреА рд╣реИред SC рдЦрд░рд╛рдм рд╣реИ рдХреНрдпреЛрдВрдХрд┐ рд░рд╛рдлреЗрд▓ рдорд╛рдорд▓реЗ рдкрд░ рд╕рд░рдХрд╛рд░ рдХреЗ рд╣рдХ рдореЗрдВ рдлреИрд╕рд▓рд╛ рджреЗрддреА рд╣реИред	1

рдореЗрд░реЗ рджреЛ рд╕рд╡рд╛рд▓ 70рд╕рд╛рд▓реЛрдВ рд╕реЗ рдЧрдВрджрдЧреА рдЬрдореА рд╣реИ ?(рдЬреИрд╕реЗ рдХрд┐ рднреНрд░рд╖реНрдЯрд╛рдЪрд╛рд░-рдШреЛрдЯрд╛рд▓реЗ-рджрд▓рд╛рд▓реА-рдзреЛрдЦрд╛-рдмреЗрдИрдорд╛рдиреА)рдХреИрд╕реЗ рджреВрд░ рд╣реЛ рд╕рдХрддреА рд╣реИ? рдХреНрдпрд╛ рдмреБрджреНрдзрд┐рдорд╛рди рдорд╣рд╛рди рд╡реНрдпрдХреНрддрд┐ рдмрддрд╛ рд╕рдХрддреЗ рд╣реИрдВ ? рдЙрддреНрддрд░ рджреЗрдВ рд╕рд╡рд╛рд▓ рди:-2 рдкреВрд░реА рджреБрдирд┐рдпрд╛ рдореЗрдВ рд╕рд┐рд░реНрдл рднрд╛рд░рдд рджреЗрд╢ рдПрдХ рдРрд╕рд╛ рджреЗрд╢ рд╣реИ рдЬрд┐рд╕рдореЗрдВ рд╕рднреА рдзрд░реНрдо рдПрдХ рд╕рд╛рде рдорд┐рд▓рдХрд░ рд░рд╣рддреЗ рд╣реИрдВ рдХреНрдпрд╛ рдХреЛрдИ рдФрд░ рднреА рджреЗрд╢ рд╣реИ ?	1

"рд░рд╛рд╣реБрд▓ рдЧрд╛рдВрдзреА рдиреЗ рдХрд╣рд╛ рдЧрд╛рдВрдзреА рдЬреА рдиреЗ ""рдЕрд╣рд┐рдВрд╕рд╛"" рд╕реЗ рд╕реАрдЦрд╛ред рдФрд░ ""рдЕрд╣рд┐рдВрд╕рд╛ рдкрд░рдореЛ рдзрд░реНрдо"" рдЖрддрдВрдХрд┐рдпреЛрдВ рдиреЗ рд▓рд┐рдЦрд╛, рдирд░реЗрдВрджреНрд░ рдореЛрджреА рдЬреА рдиреЗ рд╣рд┐рдВрджреА рдмреЛрд▓рдирд╛ рд╕реЛрдирд┐рдпрд╛ рдЧрд╛рдВрдзреА рд╕реЗ рд╕реАрдЦрд╛ рдФрд░ ""рдмреНрд░рдореНрд╣рдЪрд╛рд░рд┐рдпреЛрдВ рдиреЗ рдмреНрд░рдореНрд╣рдЪрд░реНрдп рдХрд╛ рдкрд╛рд▓рди рдХрд░рдирд╛ рдЬреА рд╕реЗ рд╕реАрдЦрд╛"", , , рд╣реИ рди рд╢рд╣рдЬрд╝рд╛рджреЗ? ЁЯШЭЁЯШЭЁЯШЭ"	1

рдЬрд┐рд╕ рдкреНрд░рд┐рдпрдВрдХрд╛ рд╡рд╛рдбреНрд░рд╛ рдХреЛ рдЪрдордЪреЗ рджреБрд░реНрдЧрд╛ рдорд╛рдВ рдХрд╛ рдЕрд╡рддрд╛рд░ рдмрддрд╛ рд░рд╣реЗ рд╣реИрдВ рди рдЙрд╕рдХреЗ рдмрдЪреНрдЪреЛрдВ рдХрд╛ рдирд╛рдо рд░реЗрд╣рд╛рди рдФрд░ рдорд╛рд░рд┐рдпрд╛ рд╣реИ рд╕реЛрдЪрд╛ рд╕рдмрдХреЛ рдмрддрд╛ рд╣реА рджреЗЁЯШЛЁЯШЫ	0

рд░реА рдЕрд╕реЗрд╕рдореЗрдВрдЯ :2011-12 рдХреЗ рд╕рд╛рд▓ рдореЗрдВ рд░рд╛рд╣реБрд▓ рд╕реЛрдирд┐рдпрд╛ рдкрд░ рдЖрдпрдХрд░ рдХреА рджреЗрдпрддрд╛ 100 рдХрд░реЛрдбрд╝ рдирд┐рдХрд▓реА рд╣реА рдЯреЗрдХреНрд╕ рдЪреЛрд░ рд╣реИ рдЗрд╕рд▓рд┐рдП рдЪреМрдХреАрджрд╛рд░ рдХреЛ рдЪреЛрд░ рдмрддрд╛рддреЗ рд╣реИ	1